ISO;Country;Subject Descriptor;Units;Scale;Country/Series-specific Notes;1994;1995;1996;1997;1998;1999;2000;2001;2002;2003;2004;2005;2006;2007;2008;2009;2010;2011;2012;2013;2014;2015;2016;2017;2018;2019;2020;2021;2022;2023;Estimates Start After
AFG;Afghanistan;Gross domestic product per capita, current prices;U.S. dollars;Units;See notes for:  Gross domestic product, current prices (National currency) Population (Persons).;n/a;n/a;n/a;n/a;n/a;n/a;n/a;n/a;207.946;201.051;218.461;252.618;272.189;330.295;389.63;440.607;543.652;611.642;666.089;639.473;630.136;594.213;520.267;529.773;499.799;499.762;516.664;356.063;352.456;410.933;2023
ALB;Albania;Gross domestic product per capita, current prices;U.S. dollars;Units;See notes for:  Gross domestic product, current prices (National currency) Population (Persons).;736.028;903.989;1,009.967;706.623;816.622;1,037.599;1,129.033;1,283.237;1,427.675;1,829.632;2,371.130;2,673.773;2,972.745;3,595.053;4,370.562;4,114.090;4,097.833;4,439.890;4,248.909;4,415.600;4,584.919;3,953.611;4,124.405;4,542.760;5,287.721;5,395.101;5,353.303;6,396.166;6,870.210;8,299.278;2021
DZA;Algeria;Gross domestic product per capita, current prices;U.S. dollars;Units;See notes for:  Gross domestic product, current prices (National currency) Population (Persons).;1,674.567;1,626.997;1,783.410;1,800.196;1,772.368;1,769.091;1,947.755;1,919.410;1,958.238;2,304.603;2,839.820;3,258.153;3,690.572;4,208.244;5,214.762;4,262.144;4,941.493;5,946.345;6,057.974;5,997.896;6,108.878;4,691.686;4,426.580;4,554.150;4,568.244;4,452.856;3,757.585;4,169.984;4,981.822;5,221.813;2019
AND;Andorra;Gross domestic product per capita, current prices;U.S. dollars;Units;See notes for:  Gross domestic product, current prices (National currency) Population (Persons).;n/a;n/a;n/a;n/a;n/a;n/a;n/a;n/a;n/a;n/a;n/a;n/a;n/a;n/a;n/a;n/a;49,030.229;51,957.313;45,713.970;45,630.195;46,299.282;38,877.485;39,595.317;40,017.741;42,229.903;40,688.491;36,973.845;41,806.876;41,378.881;43,809.726;2023
AGO;Angola;Gross domestic product per capita, current prices;U.S. dollars;Units;See notes for:  Gross domestic product, current prices (National currency) Population (Persons).;484.971;585.668;730.731;830.042;680.922;623.486;771.405;730.652;988.318;1,122.365;1,438.272;2,128.257;2,909.070;3,493.014;4,554.334;3,630.103;4,089.461;5,175.442;5,699.986;5,880.641;6,061.865;4,680.829;3,936.361;4,628.964;3,651.304;2,926.143;1,989.939;2,445.388;3,974.666;2,967.384;2021
ATG;Antigua and Barbuda;Gross domestic product per capita, current prices;U.S. dollars;Units;See notes for:  Gross domestic product, current prices (National currency) Population (Persons).;9,647.035;9,257.311;9,930.047;10,442.982;10,931.597;11,285.796;11,912.539;11,413.194;11,562.337;12,089.419;12,957.491;14,295.184;16,122.047;18,196.388;18,842.054;16,579.504;15,341.821;15,016.011;15,692.753;15,019.671;15,393.018;15,809.067;16,130.768;16,327.584;17,451.026;17,851.361;14,382.232;16,088.640;18,498.453;19,985.469;2022
ARG;Argentina;Gross domestic product per capita, current prices;U.S. dollars;Units;See notes for:  Gross domestic product, current prices (National currency) Population (Persons).;8,378.735;8,295.123;8,645.455;9,196.516;9,283.175;8,709.072;8,638.543;8,085.356;2,997.621;3,761.088;4,314.098;5,163.550;5,976.082;7,315.726;9,146.790;8,337.811;10,412.974;12,787.806;13,889.792;14,488.829;13,208.831;14,895.316;12,772.868;14,618.327;11,786.433;9,941.590;8,489.332;10,610.191;13,676.216;13,823.346;2010
ARM;Armenia;Gross domestic product per capita, current prices;U.S. dollars;Units;See notes for:  Gross domestic product, current prices (National currency) Population (Persons).;196.98;399.576;503.774;521.869;608.415;597.241;620.638;692.287;779.122;923.387;1,180.399;1,628.063;2,128.151;3,079.031;3,913.436;2,911.763;3,121.778;3,417.172;3,575.529;3,732.035;3,889.004;3,529.026;3,524.000;3,868.906;4,195.963;4,596.861;4,268.681;4,685.183;6,660.868;8,125.625;2020
ABW;Aruba;Gross domestic product per capita, current prices;U.S. dollars;Units;See notes for:  Gross domestic product, current prices (National currency) Population (Persons).;n/a;16,546.617;16,620.854;17,751.072;18,825.012;19,215.013;20,681.137;20,740.206;21,307.261;21,949.392;23,700.571;24,171.995;24,845.660;26,736.575;28,172.075;25,134.689;24,093.070;25,712.438;25,119.747;25,813.523;26,129.732;27,458.248;27,441.561;28,440.093;30,082.212;31,096.315;23,565.550;28,813.136;33,032.454;36,743.647;2021
AUS;Australia;Gross domestic product per capita, current prices;U.S. dollars;Units;See notes for:  Gross domestic product, current prices (National currency) Population (Persons).;19,748.800;20,926.032;23,171.947;23,033.050;20,394.027;21,775.529;20,913.346;19,502.104;21,701.988;27,295.431;32,863.187;36,256.942;37,980.835;45,207.756;49,198.736;45,772.165;56,587.694;67,293.136;68,489.256;65,247.836;61,647.050;51,468.795;51,821.355;55,845.011;56,441.271;54,391.307;53,249.731;64,352.012;65,513.824;64,546.866;2022
AUT;Austria;Gross domestic product per capita, current prices;U.S. dollars;Units;See notes for:  Gross domestic product, current prices (National currency) Population (Persons).;25,725.557;30,350.529;29,820.596;26,737.482;27,399.085;27,210.471;24,636.471;24,558.922;26,508.320;32,298.607;36,883.892;38,450.609;40,674.883;46,922.558;51,914.013;48,111.662;46,955.173;51,452.276;48,616.903;50,747.384;51,814.424;44,267.809;45,278.829;47,320.537;51,234.477;50,192.490;48,837.350;53,696.146;52,501.490;56,856.125;2023
AZE;Azerbaijan;Gross domestic product per capita, current prices;U.S. dollars;Units;See notes for:  Gross domestic product, current prices (National currency) Population (Persons).;297.162;316.227;411.14;553.468;543.344;576.005;656.386;674.783;760.812;879.863;1,039.818;1,567.194;2,453.261;3,813.751;5,564.444;4,964.696;5,880.509;7,238.602;7,545.553;7,926.600;7,938.578;5,524.527;3,897.788;4,217.653;4,759.796;4,841.145;4,280.429;5,468.269;7,831.176;7,144.807;2022
BHS;The Bahamas;Gross domestic product per capita, current prices;U.S. dollars;Units;See notes for:  Gross domestic product, current prices (National currency) Population (Persons).;19,660.918;20,271.249;20,974.532;21,951.756;23,300.816;25,780.485;26,601.368;26,971.273;28,357.927;27,896.338;28,056.572;30,030.890;30,594.671;31,498.523;30,787.585;28,793.341;28,725.135;28,365.859;29,895.418;28,699.505;29,990.565;31,573.760;31,447.640;32,427.071;33,084.566;33,778.471;25,572.518;28,828.653;32,897.378;35,517.076;2020
BHR;Bahrain;Gross domestic product per capita, current prices;U.S. dollars;Units;See notes for:  Gross domestic product, current prices (National currency) Population (Persons).;12,277.540;12,659.112;12,821.281;12,949.994;12,057.467;12,729.094;14,818.628;14,484.783;14,075.299;15,101.646;16,642.366;18,729.699;20,086.342;21,796.838;24,223.471;20,292.469;21,712.793;25,032.787;26,438.673;26,989.760;26,451.797;23,734.055;23,800.001;24,784.769;26,324.407;27,259.744;24,342.844;27,140.448;30,533.090;29,218.861;2023
BGD;Bangladesh;Gross domestic product per capita, current prices;U.S. dollars;Units;See notes for:  Gross domestic product, current prices (National currency) Population (Persons).;411.91;450.133;471.268;479.354;488.077;491.461;483.217;480.724;490.919;532.343;563.21;572.014;610.469;668.54;760.65;841.252;935.755;1,032.313;1,057.884;1,176.160;1,340.289;1,495.538;1,679.021;1,839.755;1,991.739;2,154.227;2,270.348;2,497.741;2,730.846;2,651.738;2020
BRB;Barbados;Gross domestic product per capita, current prices;U.S. dollars;Units;See notes for:  Gross domestic product, current prices (National currency) Population (Persons).;8,436.868;8,862.759;9,456.705;9,990.406;11,408.029;11,938.160;12,271.786;12,214.816;12,389.628;12,778.456;13,744.668;15,373.873;17,097.168;19,095.524;19,477.377;18,183.486;18,376.607;18,893.915;18,583.310;18,893.842;18,935.288;18,605.705;18,704.689;19,310.373;19,654.520;20,156.276;17,951.935;18,276.871;21,624.512;23,167.298;2020
BLR;Belarus;Gross domestic product per capita, current prices;U.S. dollars;Units;See notes for:  Gross domestic product, current prices (National currency) Population (Persons).;1,533.721;1,034.931;1,429.059;1,396.112;1,514.669;1,210.965;1,079.610;1,286.951;1,529.813;1,880.217;2,459.175;3,232.491;3,979.115;4,896.501;6,590.856;5,350.621;6,033.415;6,485.981;6,951.407;7,994.708;8,333.161;5,953.752;5,037.653;5,785.291;6,357.962;6,838.218;6,536.527;7,332.084;7,892.727;7,821.879;2022
BEL;Belgium;Gross domestic product per capita, current prices;U.S. dollars;Units;See notes for:  Gross domestic product, current prices (National currency) Population (Persons).;23,624.467;28,458.469;27,535.287;24,878.749;25,399.222;25,309.057;23,136.511;23,067.163;25,044.331;30,707.665;35,497.552;36,945.499;38,841.785;44,496.791;48,493.137;44,892.228;44,448.170;47,564.381;44,824.163;46,848.612;47,897.037;41,147.261;42,076.398;44,274.073;47,685.347;46,783.103;45,615.359;52,039.551;50,274.779;53,854.213;2023
BLZ;Belize;Gross domestic product per capita, current prices;U.S. dollars;Units;See notes for:  Gross domestic product, current prices (National currency) Population (Persons).;3,555.727;3,677.903;3,729.822;3,675.268;3,738.251;3,908.248;4,333.930;4,409.660;4,564.499;4,704.716;4,907.717;5,030.684;5,442.702;5,686.947;5,644.950;5,336.621;5,393.252;5,538.887;5,684.446;5,917.541;6,086.238;6,152.729;6,153.482;6,103.817;6,053.244;6,181.462;5,210.543;6,070.954;7,121.060;7,592.071;2022
BEN;Benin;Gross domestic product per capita, current prices;U.S. dollars;Units;See notes for:  Gross domestic product, current prices (National currency) Population (Persons).;375.963;495.048;524.067;489.136;510.571;542.24;503.22;508.351;563.98;698.234;783.763;806.35;837.176;944.755;1,098.826;1,060.566;1,010.314;1,099.221;1,113.274;1,214.313;1,251.827;1,041.758;1,049.531;1,094.888;1,194.023;1,171.015;1,239.740;1,361.816;1,306.021;1,433.067;2023
BTN;Bhutan;Gross domestic product per capita, current prices;U.S. dollars;Units;See notes for:  Gross domestic product, current prices (National currency) Population (Persons).;520.485;612.147;638.444;703.669;754.037;769.484;814.755;824.986;873.97;1,023.488;1,142.130;1,310.737;1,379.091;1,665.902;2,079.433;1,934.381;2,265.468;2,728.197;2,825.188;2,842.474;2,760.160;2,980.157;3,071.344;3,344.035;3,606.621;3,547.477;3,469.154;3,486.101;3,775.341;3,790.136;2022
BOL;Bolivia;Gross domestic product per capita, current prices;U.S. dollars;Units;See notes for:  Gross domestic product, current prices (National currency) Population (Persons).;805.183;886.368;956.965;1,006.102;1,057.720;1,010.580;994.617;949.383;904.851;908.203;968.545;1,037.176;1,226.845;1,383.894;1,729.369;1,769.441;1,972.684;2,368.523;2,635.933;2,938.421;3,114.966;3,069.319;3,110.874;3,388.523;3,588.089;3,591.403;3,172.556;3,449.205;3,706.442;3,748.410;2017
BIH;Bosnia and Herzegovina;Gross domestic product per capita, current prices;U.S. dollars;Units;See notes for:  Gross domestic product, current prices (National currency) Population (Persons).;n/a;n/a;952.331;1,225.456;1,415.096;1,540.514;1,480.624;1,540.266;1,785.289;2,254.449;2,699.054;2,903.602;3,306.785;4,073.011;4,984.537;4,711.119;4,633.861;5,089.853;4,773.164;5,141.572;5,252.939;4,662.977;4,875.228;5,230.130;5,859.283;5,867.260;5,800.390;6,800.487;7,064.286;7,810.113;2022
BWA;Botswana;Gross domestic product per capita, current prices;U.S. dollars;Units;See notes for:  Gross domestic product, current prices (National currency) Population (Persons).;2,802.477;3,084.800;3,087.859;3,071.641;2,886.260;3,188.541;3,290.347;3,099.104;3,005.538;4,088.461;4,743.633;5,194.705;5,142.914;5,371.808;5,345.848;4,938.250;6,041.732;7,080.778;6,392.987;6,436.603;6,844.033;5,869.738;6,411.552;6,705.341;6,947.818;6,679.188;5,863.182;7,244.158;7,726.111;7,249.918;2021
BRA;Brazil;Gross domestic product per capita, current prices;U.S. dollars;Units;See notes for:  Gross domestic product, current prices (National currency) Population (Persons).;3,495.239;4,851.990;5,204.574;5,321.137;5,123.549;3,501.438;3,751.971;3,163.671;2,844.405;3,077.735;3,647.959;4,806.171;5,906.244;7,374.237;8,863.269;8,640.934;11,341.268;13,326.088;12,465.450;12,406.559;12,230.669;8,893.346;8,812.503;10,055.567;9,281.668;9,010.512;7,057.072;7,951.553;9,256.482;10,267.932;2023
BRN;Brunei Darussalam;Gross domestic product per capita, current prices;U.S. dollars;Units;See notes for:  Gross domestic product, current prices (National currency) Population (Persons).;21,350.360;24,895.613;24,460.830;23,344.446;17,294.914;18,237.075;20,473.284;18,646.040;19,037.814;20,975.540;24,759.511;29,459.699;34,869.240;36,678.272;42,529.703;31,287.341;35,437.251;47,092.346;47,776.368;44,865.244;41,947.487;31,353.779;27,321.997;28,443.168;31,074.010;29,865.278;27,174.730;31,781.303;37,452.922;33,576.739;2023
BGR;Bulgaria;Gross domestic product per capita, current prices;U.S. dollars;Units;See notes for:  Gross domestic product, current prices (National currency) Population (Persons).;1,348.670;2,284.824;1,494.786;1,386.466;1,854.468;1,689.293;1,625.322;1,797.392;2,090.683;2,710.577;3,370.382;3,869.588;4,477.028;5,815.474;7,161.750;6,878.061;6,754.230;7,872.225;7,453.726;7,703.869;7,925.445;7,096.339;7,593.706;8,409.665;9,485.446;9,909.937;10,165.580;12,297.273;14,023.892;15,764.648;2023
BFA;Burkina Faso;Gross domestic product per capita, current prices;U.S. dollars;Units;See notes for:  Gross domestic product, current prices (National currency) Population (Persons).;214.467;258.491;273.892;252.618;281.638;293.779;249.18;260.445;286.551;363.727;405.267;443.189;457.366;516.811;621.822;603.222;627.783;727.484;734.438;762.315;767.569;632.191;665.575;710.541;780.482;765.132;824.248;887.527;830.449;866.587;2022
BDI;Burundi;Gross domestic product per capita, current prices;U.S. dollars;Units;See notes for:  Gross domestic product, current prices (National currency) Population (Persons).;157.474;167.177;142.588;157.054;141.755;133.412;130.225;127.349;116.392;108.066;122.381;148.71;164.575;170.174;195.79;208.78;231.549;247.097;250.118;255.319;273.133;304.243;281.062;291.859;271.289;261.294;259.906;273.956;310.952;326.842;2021
CPV;Cabo Verde;Gross domestic product per capita, current prices;U.S. dollars;Units;See notes for:  Gross domestic product, current prices (National currency) Population (Persons).;1,247.034;1,540.817;1,611.230;1,568.812;1,631.763;1,709.177;1,689.524;1,875.159;2,015.386;2,524.325;2,839.287;3,090.988;3,174.469;3,565.274;4,189.744;3,918.604;3,818.598;4,259.084;3,958.495;4,174.748;4,178.127;3,560.703;3,759.980;3,965.504;4,165.533;4,465.520;3,649.151;4,072.362;4,557.702;5,083.190;2018
KHM;Cambodia;Gross domestic product per capita, current prices;U.S. dollars;Units;See notes for:  Gross domestic product, current prices (National currency) Population (Persons).;273.274;328.965;326.774;313.733;276.835;304.119;313.224;345.368;368.731;406.869;465.695;550.21;639.874;763.623;903.246;912.75;992.085;1,133.384;1,241.402;1,356.991;1,485.892;1,606.561;1,735.785;1,888.070;2,097.235;2,281.377;2,136.009;2,217.723;2,365.226;2,545.522;2022
CMR;Cameroon;Gross domestic product per capita, current prices;U.S. dollars;Units;See notes for:  Gross domestic product, current prices (National currency) Population (Persons).;808.04;745.55;808.211;794.939;772.304;765.544;660.382;687.404;756.14;949.02;1,089.418;1,101.546;1,147.497;1,277.667;1,439.390;1,409.942;1,353.407;1,464.888;1,404.412;1,527.773;1,604.627;1,382.650;1,412.866;1,468.929;1,585.960;1,533.161;1,539.354;1,654.245;1,592.262;1,722.821;2022
CAN;Canada;Gross domestic product per capita, current prices;U.S. dollars;Units;See notes for:  Gross domestic product, current prices (National currency) Population (Persons).;20,024.581;20,706.725;21,325.690;21,930.485;21,046.556;22,340.553;24,296.721;23,859.770;24,279.800;28,340.085;32,178.496;36,440.967;40,559.017;44,717.074;46,773.744;40,989.278;47,625.742;52,285.815;52,745.057;52,711.320;51,025.428;43,628.425;42,382.499;45,192.368;46,617.970;46,430.975;43,573.195;52,520.512;55,612.897;53,607.403;2023
CAF;Central African Republic;Gross domestic product per capita, current prices;U.S. dollars;Units;See notes for:  Gross domestic product, current prices (National currency) Population (Persons).;263.389;333.619;291.002;277.148;285.44;278.512;226.367;229.449;245.313;289.622;312.4;329.417;351.222;393.237;445.966;454.642;476.409;533.358;544.728;364.378;410.048;366.36;387.069;432.172;467.282;460.794;475.188;505.678;482.523;510.568;2021
TCD;Chad;Gross domestic product per capita, current prices;U.S. dollars;Units;See notes for:  Gross domestic product, current prices (National currency) Population (Persons).;268.293;318.05;341.819;317.438;346.26;294.234;256.354;303.995;341.005;450.958;700.214;900.944;980.085;1,108.571;1,283.422;1,124.383;1,195.527;1,313.564;1,265.051;1,279.847;1,332.915;1,028.116;920.198;888.615;990.693;935.428;889.735;941.934;933.778;982.381;2022
CHL;Chile;Gross domestic product per capita, current prices;U.S. dollars;Units;See notes for:  Gross domestic product, current prices (National currency) Population (Persons).;4,058.557;5,153.880;5,387.405;5,799.339;5,475.546;4,985.768;5,099.922;4,608.057;4,479.771;4,824.870;6,183.906;7,558.009;9,410.392;10,447.116;10,759.738;10,176.733;12,723.064;14,560.249;15,316.010;15,740.391;14,582.850;13,494.489;13,722.878;15,003.770;15,755.003;14,551.577;13,056.638;16,037.956;15,238.627;16,814.973;2020
CHN;China;Gross domestic product per capita, current prices;U.S. dollars;Units;See notes for:  Gross domestic product, current prices (National currency) Population (Persons).;468.658;603.526;703.06;774.91;820.903;865.236;951.163;1,044.958;1,141.140;1,282.210;1,499.712;1,751.368;2,095.239;2,691.048;3,446.695;3,813.408;4,499.803;5,553.242;6,282.709;7,039.574;7,645.875;8,034.287;8,063.446;8,760.259;9,848.949;10,170.061;10,525.001;12,572.071;12,642.847;12,597.307;2023
COL;Colombia;Gross domestic product per capita, current prices;U.S. dollars;Units;See notes for:  Gross domestic product, current prices (National currency) Population (Persons).;2,726.817;3,035.313;3,137.068;3,399.330;3,090.903;2,673.665;2,535.477;2,461.328;2,424.349;2,313.535;2,827.173;3,493.976;3,836.682;4,834.404;5,622.109;5,330.795;6,498.573;7,518.304;8,237.293;8,409.676;8,312.046;6,337.030;6,037.140;6,577.280;6,923.640;6,540.141;5,363.235;6,231.240;6,681.732;6,962.873;2023
COM;Comoros;Gross domestic product per capita, current prices;U.S. dollars;Units;See notes for:  Gross domestic product, current prices (National currency) Population (Persons).;664.841;811.987;793.967;718.393;705.347;707.442;632.79;680.521;763.902;958.891;1,070.966;1,107.206;1,138.719;1,289.946;1,454.493;1,407.577;1,385.195;1,526.567;1,484.891;1,596.013;1,609.102;1,323.072;1,356.892;1,414.088;1,518.800;1,501.981;1,510.592;1,549.471;1,439.616;1,540.685;2022
COD;Democratic Republic of the Congo;Gross domestic product per capita, current prices;U.S. dollars;Units;See notes for:  Gross domestic product, current prices (National currency) Population (Persons).;639.608;601.803;750.736;642.729;461.123;410.453;397.025;146.542;171.076;171.505;189.173;226.776;265.901;310.819;366.699;291.745;338.802;387.825;427.848;481.137;512.244;519.68;477.259;478.789;564.342;578.891;546.43;614.306;679.412;669.581;0
COG;Republic of Congo;Gross domestic product per capita, current prices;U.S. dollars;Units;See notes for:  Gross domestic product, current prices (National currency) Population (Persons).;774.866;896.009;1,008.344;893.112;762.522;877.222;1,156.361;933.558;999.604;1,128.049;1,439.638;1,811.590;2,116.981;2,220.174;2,848.341;2,281.470;2,965.182;3,414.461;3,756.238;3,719.705;3,623.464;2,348.056;2,106.937;2,226.946;2,716.492;2,509.047;2,014.193;2,293.987;2,339.437;2,308.520;2021
CRI;Costa Rica;Gross domestic product per capita, current prices;U.S. dollars;Units;See notes for:  Gross domestic product, current prices (National currency) Population (Persons).;3,110.155;3,336.709;3,277.614;3,450.907;3,653.154;3,715.408;3,941.140;4,041.943;4,122.829;4,227.819;4,483.590;4,756.337;5,309.271;6,194.045;6,993.896;6,879.266;8,268.859;9,270.571;10,107.452;10,764.529;10,853.638;11,635.197;11,986.918;12,185.259;12,428.924;12,691.127;12,163.927;12,539.282;13,239.876;16,390.222;2023
CIV;C�te d'Ivoire;Gross domestic product per capita, current prices;U.S. dollars;Units;See notes for:  Gross domestic product, current prices (National currency) Population (Persons).;848.957;1,091.591;1,171.414;1,092.136;1,134.494;1,082.768;913.448;925.966;996.887;1,198.538;1,259.645;1,262.108;1,279.071;1,421.758;1,650.425;1,607.992;1,597.512;1,602.649;1,623.908;1,843.024;2,026.153;1,846.220;1,896.474;2,000.090;2,167.041;2,173.778;2,209.109;2,478.224;2,326.334;2,537.065;2021
HRV;Croatia;Gross domestic product per capita, current prices;U.S. dollars;Units;See notes for:  Gross domestic product, current prices (National currency) Population (Persons).;3,683.029;4,637.509;4,916.983;4,832.443;5,324.026;5,179.026;5,053.112;5,363.399;6,215.467;8,191.829;9,717.962;10,452.380;11,505.751;13,764.592;15,896.749;14,408.429;13,710.364;14,659.284;13,459.966;14,001.926;14,040.962;12,135.140;12,632.022;13,648.851;15,138.564;15,220.474;14,372.314;17,955.798;18,687.460;21,520.681;2023
CYP;Cyprus;Gross domestic product per capita, current prices;U.S. dollars;Units;See notes for:  Gross domestic product, current prices (National currency) Population (Persons).;12,525.318;15,396.919;15,260.553;14,323.919;15,181.803;15,379.835;14,464.816;14,905.024;16,188.394;20,389.178;23,969.991;25,527.080;27,448.569;31,774.426;36,009.560;32,650.265;31,521.893;32,910.616;29,075.269;27,671.331;27,076.806;23,507.588;24,802.599;26,834.665;29,631.990;29,626.370;28,386.270;32,926.483;32,357.354;35,015.587;2023
CZE;Czech Republic;Gross domestic product per capita, current prices;U.S. dollars;Units;See notes for:  Gross domestic product, current prices (National currency) Population (Persons).;n/a;5,861.187;6,569.378;6,065.510;6,521.063;6,374.041;6,048.872;6,659.088;8,096.686;9,857.191;11,784.605;13,458.775;15,281.951;18,513.803;22,895.716;19,863.767;20,184.180;22,068.782;20,024.209;20,256.925;20,063.059;17,944.844;18,731.830;20,882.415;23,661.699;24,013.061;23,464.296;27,667.664;27,876.280;31,630.255;2023
DNK;Denmark;Gross domestic product per capita, current prices;U.S. dollars;Units;See notes for:  Gross domestic product, current prices (National currency) Population (Persons).;30,023.075;35,440.899;35,703.887;32,841.426;33,405.300;33,477.760;30,777.178;30,823.475;33,304.059;40,572.443;46,684.835;48,998.314;52,213.640;58,786.140;64,826.681;58,536.553;58,240.450;61,920.301;58,559.563;61,512.411;62,700.908;53,316.984;54,699.182;57,683.746;61,456.783;59,489.614;61,075.932;69,927.264;68,434.674;68,618.872;2022
DJI;Djibouti;Gross domestic product per capita, current prices;U.S. dollars;Units;See notes for:  Gross domestic product, current prices (National currency) Population (Persons).;1,109.770;1,109.097;1,078.124;1,068.480;1,061.623;1,084.925;1,088.219;1,106.677;1,121.167;1,160.467;1,212.849;1,271.217;1,359.487;1,478.419;1,692.430;1,722.341;1,837.212;2,038.560;2,190.283;2,314.559;2,470.925;2,652.513;2,803.689;2,926.153;3,038.268;3,172.748;3,223.830;3,378.403;3,666.833;3,895.094;2021
DMA;Dominica;Gross domestic product per capita, current prices;U.S. dollars;Units;See notes for:  Gross domestic product, current prices (National currency) Population (Persons).;3,713.105;3,855.291;4,104.420;4,254.367;4,526.684;4,657.561;4,681.178;4,775.344;4,680.264;4,825.770;5,165.218;5,127.438;5,497.251;5,939.910;6,463.440;6,903.996;6,980.957;7,160.275;6,994.866;7,153.468;7,388.583;7,596.222;8,089.250;7,507.368;7,981.044;8,466.407;6,872.220;7,530.367;8,193.119;8,781.135;2011
DOM;Dominican Republic;Gross domestic product per capita, current prices;U.S. dollars;Units;See notes for:  Gross domestic product, current prices (National currency) Population (Persons).;1,916.439;2,141.061;2,309.916;2,495.032;2,658.543;2,674.828;2,894.303;3,007.381;3,158.393;2,460.554;2,540.849;4,008.356;4,188.715;4,803.473;5,194.799;5,151.172;5,688.751;6,063.350;6,274.865;6,413.934;6,805.662;7,139.507;7,521.268;7,874.941;8,340.961;8,595.180;7,553.509;8,965.655;10,720.515;11,372.125;2023
ECU;Ecuador;Gross domestic product per capita, current prices;U.S. dollars;Units;See notes for:  Gross domestic product, current prices (National currency) Population (Persons).;1,785.609;1,902.883;1,957.419;2,165.066;2,169.513;1,536.210;1,404.638;1,823.704;2,097.116;2,358.041;2,633.053;2,960.733;3,298.408;3,533.670;4,257.891;4,111.478;4,578.936;5,209.999;5,682.119;6,144.123;6,422.124;5,975.078;5,907.928;6,220.968;6,293.459;6,199.031;5,469.758;6,099.278;6,581.095;6,663.636;2022
EGY;Egypt;Gross domestic product per capita, current prices;U.S. dollars;Units;See notes for:  Gross domestic product, current prices (National currency) Population (Persons).;968.914;1,098.086;1,209.490;1,327.405;1,454.957;1,518.197;1,636.752;1,566.199;1,355.278;1,252.404;1,195.597;1,331.362;1,563.739;1,862.164;2,271.232;2,578.884;2,922.796;3,077.343;3,569.482;3,583.854;3,705.465;3,933.927;3,862.011;2,592.707;2,710.158;3,214.301;3,802.438;4,145.939;4,587.172;3,743.608;2023
SLV;El Salvador;Gross domestic product per capita, current prices;U.S. dollars;Units;See notes for:  Gross domestic product, current prices (National currency) Population (Persons).;1,348.916;1,552.129;1,653.641;1,749.514;1,858.366;1,904.858;1,977.835;2,051.156;2,106.732;2,197.501;2,273.938;2,434.330;2,651.445;2,814.604;2,964.170;2,889.680;3,017.326;3,305.002;3,471.047;3,555.186;3,638.533;3,761.493;3,870.318;3,986.020;4,145.890;4,280.298;3,960.335;4,599.656;5,048.438;5,344.249;2023
GNQ;Equatorial Guinea;Gross domestic product per capita, current prices;U.S. dollars;Units;See notes for:  Gross domestic product, current prices (National currency) Population (Persons).;245.881;333.846;527.121;965.017;777.254;1,251.452;1,885.985;2,616.505;3,105.658;5,373.616;8,187.817;10,816.420;12,744.023;15,784.548;22,831.933;16,578.720;17,167.174;21,476.215;21,570.068;20,253.043;19,276.253;11,219.121;9,200.000;9,621.136;10,129.619;8,355.696;7,045.629;8,415.533;9,020.808;7,755.011;2015
ERI;Eritrea;Gross domestic product per capita, current prices;U.S. dollars;Units;See notes for:  Gross domestic product, current prices (National currency) Population (Persons).;195.44;219.091;263.808;270.574;283.919;274.584;238.508;245.162;227.498;258.933;315.55;300.697;321.219;340.334;301.238;415.601;501.424;642.502;693.804;596.754;786.54;603.193;655.424;557.857;580.845;566.731;n/a;n/a;n/a;n/a;2006
EST;Estonia;Gross domestic product per capita, current prices;U.S. dollars;Units;See notes for:  Gross domestic product, current prices (National currency) Population (Persons).;1,711.265;2,720.996;3,379.950;3,686.890;4,096.119;4,151.424;4,084.932;4,520.155;5,359.959;7,218.080;8,925.080;10,428.693;12,659.144;16,765.784;18,274.232;14,757.100;14,697.472;17,552.466;17,579.346;19,310.675;20,574.581;17,723.954;18,661.231;20,844.174;23,628.862;24,023.899;23,911.344;27,966.793;28,469.346;30,137.644;2023
SWZ;Eswatini;Gross domestic product per capita, current prices;U.S. dollars;Units;See notes for:  Gross domestic product, current prices (National currency) Population (Persons).;1,851.220;2,160.270;2,005.245;2,105.168;1,914.241;1,861.496;1,818.670;1,599.207;1,473.717;2,235.678;2,797.022;3,174.588;3,262.223;3,402.163;3,214.488;3,479.710;4,263.910;4,603.196;4,628.132;4,325.841;4,133.645;3,766.458;3,513.800;4,031.056;4,226.975;4,031.719;3,535.090;4,259.206;4,161.741;4,173.577;2017
ETH;Ethiopia;Gross domestic product per capita, current prices;U.S. dollars;Units;See notes for:  Gross domestic product, current prices (National currency) Population (Persons).;160.749;151.063;163.498;155.766;137.366;128.578;136.056;131.565;123.874;132.704;152.16;181.49;218.637;266.894;350.57;373.199;341.103;377.694;510.537;548.869;622.592;707.975;790.789;822.704;839.861;948.851;969.014;974.185;1,143.024;1,511.217;2022
FJI;Fiji;Gross domestic product per capita, current prices;U.S. dollars;Units;See notes for:  Gross domestic product, current prices (National currency) Population (Persons).;2,590.933;2,779.973;2,975.914;2,900.261;2,270.075;2,638.512;2,274.643;2,234.467;2,463.316;3,072.964;3,596.695;3,940.024;4,050.900;4,405.164;4,553.695;3,682.455;4,010.982;4,802.511;5,022.150;5,277.410;5,622.351;5,397.131;5,658.236;6,049.889;6,269.882;6,079.485;4,920.014;4,750.073;5,450.487;5,933.167;2020
FIN;Finland;Gross domestic product per capita, current prices;U.S. dollars;Units;See notes for:  Gross domestic product, current prices (National currency) Population (Persons).;20,406.200;26,322.115;25,806.206;24,750.370;26,064.759;26,236.007;24,369.776;24,998.587;26,999.895;32,954.317;37,812.031;39,142.224;41,300.022;48,586.821;53,894.581;47,538.607;46,647.994;51,174.768;47,693.700;49,804.351;50,180.785;42,625.160;43,502.557;46,109.916;49,698.347;48,395.834;48,827.138;53,203.799;50,549.712;53,130.693;2023
FRA;France;Gross domestic product per capita, current prices;U.S. dollars;Units;See notes for:  Gross domestic product, current prices (National currency) Population (Persons).;24,120.152;27,639.485;27,603.714;24,968.294;25,711.842;25,444.074;23,132.887;23,122.412;24,987.021;30,525.466;34,853.654;35,978.363;37,752.356;42,982.755;47,098.882;43,177.991;42,195.192;45,503.206;42,361.583;44,210.568;44,698.808;37,989.114;38,308.857;40,036.974;42,915.865;41,831.481;40,536.857;45,315.560;42,581.012;46,305.162;2023
GAB;Gabon;Gross domestic product per capita, current prices;U.S. dollars;Units;See notes for:  Gross domestic product, current prices (National currency) Population (Persons).;4,293.942;4,956.842;5,552.917;5,068.093;4,161.617;4,222.734;4,477.321;4,065.933;4,210.284;5,015.596;5,837.617;6,942.698;7,271.093;8,652.145;10,418.276;7,856.853;8,933.306;10,893.464;9,903.410;9,760.747;9,746.786;7,453.114;7,082.218;7,370.349;8,198.560;8,111.318;7,289.442;9,113.798;9,478.236;9,079.278;2015
GMB;The Gambia;Gross domestic product per capita, current prices;U.S. dollars;Units;See notes for:  Gross domestic product, current prices (National currency) Population (Persons).;804.334;815.289;826.192;818.814;815.332;811.257;766.199;737.063;631.566;581.319;642.755;665.721;662.362;780.379;924.514;833.282;860.639;762.761;742.78;700.515;607.429;649.511;683.998;676.656;729.035;768.921;747.886;820.584;841.947;892.989;2023
GEO;Georgia;Gross domestic product per capita, current prices;U.S. dollars;Units;See notes for:  Gross domestic product, current prices (National currency) Population (Persons).;172.501;413.486;688.363;818.054;869.519;690.373;763.707;820.006;875.188;1,034.533;1,338.086;1,682.527;2,052.257;2,700.417;3,419.915;2,890.710;3,269.917;4,100.982;4,518.061;4,710.606;4,833.664;4,090.214;4,142.174;4,420.410;4,800.794;4,738.796;4,308.286;5,055.161;6,773.539;8,172.574;2023
DEU;Germany;Gross domestic product per capita, current prices;U.S. dollars;Units;See notes for:  Gross domestic product, current prices (National currency) Population (Persons).;27,359.713;31,918.986;30,778.982;27,254.373;27,636.064;27,217.026;24,158.215;24,122.365;25,752.683;31,074.334;35,000.560;35,592.675;37,530.238;43,021.966;47,153.994;43,189.389;43,233.452;47,637.891;44,763.540;47,220.321;48,983.250;41,914.927;42,949.139;45,510.535;48,897.189;47,629.100;47,341.768;52,300.607;49,725.343;53,565.041;2023
GHA;Ghana;Gross domestic product per capita, current prices;U.S. dollars;Units;See notes for:  Gross domestic product, current prices (National currency) Population (Persons).;793.796;918.741;950.015;945.584;1,002.604;1,012.277;606.501;630.698;714.42;860.469;973.287;1,151.305;1,320.283;1,520.642;1,688.077;1,477.649;1,757.045;2,131.746;2,197.908;2,405.768;2,008.586;1,784.248;1,982.239;2,086.598;2,276.264;2,265.705;2,274.469;2,535.468;2,305.225;2,322.121;2022
GRC;Greece;Gross domestic product per capita, current prices;U.S. dollars;Units;See notes for:  Gross domestic product, current prices (National currency) Population (Persons).;11,122.873;12,997.468;13,776.645;13,484.158;13,526.648;13,901.641;12,268.279;12,579.395;14,185.446;18,534.603;22,015.177;22,608.424;24,858.548;28,899.982;32,173.559;29,829.328;26,743.400;25,437.036;21,844.999;21,712.064;21,554.224;18,023.859;17,906.100;18,552.223;19,750.710;19,140.612;17,570.395;20,115.924;20,818.073;22,880.296;2023
GRD;Grenada;Gross domestic product per capita, current prices;U.S. dollars;Units;See notes for:  Gross domestic product, current prices (National currency) Population (Persons).;3,272.547;3,411.983;3,632.676;3,861.381;4,370.620;4,705.807;5,056.978;5,045.854;5,192.154;5,641.159;5,721.585;6,658.021;6,672.843;7,226.881;7,844.193;7,333.246;7,340.342;7,299.874;7,433.912;7,760.348;8,333.757;9,055.801;9,572.093;10,098.821;10,419.126;10,779.062;9,222.709;9,868.861;10,762.835;11,515.617;2022
GTM;Guatemala;Gross domestic product per capita, current prices;U.S. dollars;Units;See notes for:  Gross domestic product, current prices (National currency) Population (Persons).;1,243.494;1,365.822;1,422.779;1,574.094;1,671.278;1,540.251;1,563.752;1,662.394;1,804.840;1,859.960;1,969.469;2,176.293;2,369.443;2,599.124;2,928.945;2,714.018;2,909.793;3,265.460;3,375.857;3,522.256;3,778.493;3,994.231;4,172.065;4,452.202;4,485.926;4,646.840;4,610.073;5,053.653;5,509.385;5,933.036;2023
GIN;Guinea;Gross domestic product per capita, current prices;U.S. dollars;Units;See notes for:  Gross domestic product, current prices (National currency) Population (Persons).;626.432;655.749;656.708;628.192;591.511;557.831;461.784;427.879;444.663;517.03;534.339;470.57;426.419;628.711;675.387;637.478;630.549;607.035;645.096;713.128;728.729;712.025;679.964;796.038;891.887;986.528;1,008.687;1,139.967;1,334.939;1,529.460;2014
GNB;Guinea-Bissau;Gross domestic product per capita, current prices;U.S. dollars;Units;See notes for:  Gross domestic product, current prices (National currency) Population (Persons).;344.118;725.815;676.103;628.438;517.661;496.411;327.943;338.362;374.5;435.072;447.804;482.181;467.998;543.408;672.251;613.569;644.344;775.206;688.497;711.927;712.826;707.897;748.089;864.141;894.667;836.954;838.847;928.35;907.623;1,035.294;2017
GUY;Guyana;Gross domestic product per capita, current prices;U.S. dollars;Units;See notes for:  Gross domestic product, current prices (National currency) Population (Persons).;1,626.898;1,832.399;2,048.527;2,161.647;2,035.856;2,010.769;2,017.200;2,023.617;2,092.961;2,144.109;2,232.996;2,305.907;2,551.768;2,982.217;3,329.637;3,457.367;3,837.303;4,402.775;5,360.276;5,476.744;5,402.703;5,579.974;5,796.819;6,104.158;6,120.536;6,594.375;6,952.702;9,707.000;18,353.123;21,472.309;2022
HTI;Haiti;Gross domestic product per capita, current prices;U.S. dollars;Units;See notes for:  Gross domestic product, current prices (National currency) Population (Persons).;397.214;618.383;626.299;706.797;773.837;847.945;794.059;720.822;684.333;540.556;660.218;773.35;794.79;991.684;1,074.359;1,168.747;1,175.199;1,269.346;1,316.496;1,408.807;1,408.669;1,359.209;1,263.434;1,337.160;1,441.864;1,277.213;1,235.476;1,765.242;1,643.221;1,603.278;2003
HND;Honduras;Gross domestic product per capita, current prices;U.S. dollars;Units;See notes for:  Gross domestic product, current prices (National currency) Population (Persons).;836.608;948.437;888.005;948.716;1,023.397;1,003.065;1,080.511;1,120.848;1,121.999;1,145.346;1,204.108;1,296.669;1,420.252;1,572.152;1,727.787;1,777.274;1,891.159;2,074.151;2,129.351;2,087.834;2,190.499;2,286.213;2,325.495;2,435.621;2,489.849;2,529.203;2,332.526;2,762.804;3,033.970;3,267.648;2023
HKG;Hong Kong SAR;Gross domestic product per capita, current prices;U.S. dollars;Units;See notes for:  Gross domestic product, current prices (National currency) Population (Persons).;22,194.005;23,070.541;24,698.956;27,214.595;25,649.085;24,969.005;25,574.491;25,166.902;24,731.081;23,856.482;24,873.898;26,551.769;28,028.157;30,494.551;31,487.940;30,593.991;32,421.361;34,955.147;36,623.745;38,233.352;40,185.303;42,325.352;43,488.204;46,025.665;48,310.038;48,277.982;46,446.056;49,848.567;47,999.502;50,586.780;2023
HUN;Hungary;Gross domestic product per capita, current prices;U.S. dollars;Units;See notes for:  Gross domestic product, current prices (National currency) Population (Persons).;4,170.572;4,491.216;4,520.761;4,591.492;4,738.016;4,786.245;4,619.293;5,269.607;6,644.610;8,409.098;10,291.667;11,211.246;11,483.141;13,926.753;15,761.631;13,066.422;13,199.056;14,214.126;12,969.621;13,693.038;14,279.016;12,700.301;13,083.400;14,606.266;16,421.113;16,782.010;16,099.958;18,714.856;18,349.443;22,131.628;2023
ISL;Iceland;Gross domestic product per capita, current prices;U.S. dollars;Units;See notes for:  Gross domestic product, current prices (National currency) Population (Persons).;24,117.987;26,682.487;27,713.605;28,048.848;31,219.801;32,577.642;32,344.364;29,061.339;32,516.441;39,620.411;47,579.937;57,405.559;58,238.886;70,375.326;57,296.251;41,188.906;43,293.021;48,812.138;47,102.062;51,059.380;55,885.704;54,228.826;63,775.711;74,369.205;76,745.081;70,625.477;61,094.329;72,077.681;78,840.397;83,485.110;2023
IND;India;Gross domestic product per capita, current prices;U.S. dollars;Units;See notes for:  Gross domestic product, current prices (National currency) Population (Persons).;346.227;373.627;399.583;414.926;412.536;440.962;442.036;449.91;468.845;543.845;624.108;710.512;802.014;1,022.732;993.503;1,096.637;1,350.634;1,449.604;1,434.018;1,438.057;1,559.864;1,590.174;1,714.280;1,957.970;1,974.378;2,050.163;1,915.552;2,250.179;2,366.310;2,497.188;2013
IDN;Indonesia;Gross domestic product per capita, current prices;U.S. dollars;Units;See notes for:  Gross domestic product, current prices (National currency) Population (Persons).;1,115.613;1,254.023;1,394.497;1,308.114;572.09;829.574;870.154;834.139;1,002.907;1,186.465;1,279.721;1,404.348;1,765.794;2,064.003;2,416.785;2,469.384;3,177.453;3,690.097;3,739.917;3,667.435;3,532.669;3,373.489;3,604.990;3,885.967;3,945.583;4,192.768;3,919.465;4,351.304;4,784.117;4,919.949;2023
IRN;Islamic Republic of Iran;Gross domestic product per capita, current prices;U.S. dollars;Units;See notes for:  Gross domestic product, current prices (National currency) Population (Persons).;1,368.369;1,941.990;2,631.462;3,018.960;3,314.906;4,400.622;5,776.857;5,124.766;2,020.838;2,353.361;2,764.807;3,291.940;3,863.502;5,045.686;5,890.712;6,016.800;6,983.777;8,322.461;5,548.304;5,561.454;5,910.083;5,172.134;5,730.832;6,005.051;4,054.938;2,908.918;2,326.664;3,441.728;4,431.515;4,347.193;2022
IRQ;Iraq;Gross domestic product per capita, current prices;U.S. dollars;Units;See notes for:  Gross domestic product, current prices (National currency) Population (Persons).;n/a;n/a;n/a;n/a;n/a;n/a;n/a;n/a;n/a;608.655;1,373.738;1,828.738;2,321.258;3,090.851;4,472.118;3,701.862;4,473.710;5,848.537;6,692.576;7,021.406;6,704.313;5,044.624;4,656.709;5,117.127;6,037.885;6,048.921;4,547.330;5,116.534;6,818.152;5,826.035;2013
IRL;Ireland;Gross domestic product per capita, current prices;U.S. dollars;Units;See notes for:  Gross domestic product, current prices (National currency) Population (Persons).;15,459.911;19,092.426;20,787.520;22,475.236;24,209.638;26,236.702;26,187.358;28,120.751;32,482.159;40,939.423;47,387.991;50,475.160;53,737.841;60,769.642;60,989.707;51,943.659;48,636.309;52,631.463;49,386.473;52,544.104;57,175.016;64,154.490;63,933.791;71,869.279;80,411.864;81,506.342;86,313.772;103,775.442;104,728.500;103,465.935;2023
ISR;Israel;Gross domestic product per capita, current prices;U.S. dollars;Units;See notes for:  Gross domestic product, current prices (National currency) Population (Persons).;16,470.651;19,047.020;20,271.918;20,522.980;20,207.806;19,849.194;21,717.968;20,973.123;19,087.376;19,671.531;20,593.467;21,285.460;22,558.596;25,738.706;30,278.460;28,521.786;31,450.574;34,534.693;33,335.422;37,048.694;38,360.490;36,227.752;37,683.096;41,156.216;42,379.785;44,297.779;44,842.685;52,586.351;55,249.283;52,643.451;2023
ITA;Italy;Gross domestic product per capita, current prices;U.S. dollars;Units;See notes for:  Gross domestic product, current prices (National currency) Population (Persons).;19,043.086;20,722.979;23,135.807;21,913.138;22,395.147;22,074.711;20,205.515;20,576.460;22,473.536;27,673.263;31,451.559;32,148.046;33,602.692;37,989.367;40,968.981;37,143.468;35,963.743;38,475.823;34,926.415;35,722.542;36,022.586;30,609.522;31,357.601;32,797.298;35,042.793;33,767.005;31,956.855;36,812.907;35,653.833;39,012.076;2023
JAM;Jamaica;Gross domestic product per capita, current prices;U.S. dollars;Units;See notes for:  Gross domestic product, current prices (National currency) Population (Persons).;2,234.803;2,660.153;2,975.134;3,347.367;3,467.544;3,473.435;3,510.575;3,529.711;3,709.572;3,586.441;3,855.674;4,241.399;4,494.630;4,829.296;5,134.246;4,507.186;4,894.369;5,332.520;5,448.456;5,238.147;5,105.511;5,204.825;5,183.462;5,413.030;5,729.757;5,781.785;5,072.599;5,354.830;6,197.798;7,032.240;2019
JPN;Japan;Gross domestic product per capita, current prices;U.S. dollars;Units;See notes for:  Gross domestic product, current prices (National currency) Population (Persons).;39,953.203;44,210.234;39,164.322;35,651.270;32,436.929;36,622.892;39,172.971;34,410.680;32,832.296;35,410.229;38,307.103;37,819.107;36,021.900;35,847.232;39,992.060;41,469.773;45,135.796;48,760.915;49,175.035;40,934.756;38,522.771;35,005.662;39,411.424;38,903.298;39,850.331;40,547.967;40,160.067;40,161.178;34,158.343;33,898.990;2023
JOR;Jordan;Gross domestic product per capita, current prices;U.S. dollars;Units;See notes for:  Gross domestic product, current prices (National currency) Population (Persons).;1,477.449;1,516.116;1,530.654;1,560.985;1,685.036;1,699.599;1,725.576;1,795.047;1,890.254;1,959.792;2,127.613;2,312.884;2,599.815;2,773.893;3,414.521;3,618.892;3,914.701;4,152.495;4,392.657;4,483.942;4,261.906;4,069.994;4,009.059;4,078.871;4,152.265;4,165.547;4,004.321;4,158.625;4,317.090;4,488.417;2023
KAZ;Kazakhstan;Gross domestic product per capita, current prices;U.S. dollars;Units;See notes for:  Gross domestic product, current prices (National currency) Population (Persons).;751.98;1,061.475;1,358.804;1,459.416;1,480.091;1,132.126;1,229.000;1,490.925;1,658.032;2,068.126;2,874.286;3,771.348;5,291.550;6,771.415;8,513.567;7,165.226;9,070.490;11,633.998;12,386.701;13,890.637;12,807.262;10,510.769;7,715.462;9,247.587;9,812.626;9,812.591;9,121.636;10,373.791;11,486.060;13,260.898;2023
KEN;Kenya;Gross domestic product per capita, current prices;U.S. dollars;Units;See notes for:  Gross domestic product, current prices (National currency) Population (Persons).;505.902;623.706;686.838;677.763;742.079;647.881;617.139;617.047;611.893;668.475;692.709;778.323;854.981;1,028.226;1,118.755;1,123.268;1,176.311;1,178.599;1,396.220;1,490.422;1,613.101;1,625.176;1,688.852;1,805.398;1,987.302;2,107.735;2,067.987;2,208.691;2,265.658;2,110.000;2019
KIR;Kiribati;Gross domestic product per capita, current prices;U.S. dollars;Units;See notes for:  Gross domestic product, current prices (National currency) Population (Persons).;876.462;883.582;1,031.874;1,001.068;918.686;930.929;890.425;755.273;853.916;1,082.547;1,147.277;1,231.148;1,188.669;1,432.089;1,518.603;1,410.095;1,609.343;1,877.755;1,956.664;1,886.873;1,845.476;1,742.421;1,845.780;1,959.950;2,022.227;1,847.108;1,874.170;2,385.414;2,199.422;2,230.805;2022
KOR;Korea;Gross domestic product per capita, current prices;U.S. dollars;Units;See notes for:  Gross domestic product, current prices (National currency) Population (Persons).;10,756.116;13,018.844;13,886.996;12,865.208;8,570.151;11,052.115;12,716.990;11,983.382;13,637.337;15,211.145;17,107.739;20,162.881;22,596.681;25,075.287;22,291.166;19,933.009;24,069.073;26,177.945;26,600.549;28,449.357;30,667.091;30,171.791;30,825.524;33,296.984;35,363.952;33,826.944;33,653.204;37,518.466;34,822.405;35,563.079;2023
UVK;Kosovo;Gross domestic product per capita, current prices;U.S. dollars;Units;See notes for:  Gross domestic product, current prices (National currency) Population (Persons).;n/a;n/a;n/a;n/a;n/a;n/a;1,506.094;1,704.288;1,807.197;2,205.535;2,274.678;2,318.300;2,400.140;2,865.639;3,025.013;2,878.492;3,013.162;3,562.033;3,396.893;3,699.477;3,920.467;3,554.100;3,745.863;3,991.249;4,389.631;4,432.996;4,297.829;5,309.124;5,320.704;5,922.406;2022
KWT;Kuwait;Gross domestic product per capita, current prices;U.S. dollars;Units;See notes for:  Gross domestic product, current prices (National currency) Population (Persons).;14,766.792;15,088.376;16,623.468;15,330.442;12,796.952;14,296.611;17,639.079;15,992.659;16,856.637;20,584.985;24,863.764;35,990.561;43,618.251;47,539.015;53,059.162;38,156.094;39,342.103;47,439.996;50,783.678;48,543.741;43,458.841;29,195.283;26,795.706;28,552.150;31,369.182;31,549.877;25,610.725;35,204.773;38,380.031;33,321.280;2022
KGZ;Kyrgyz Republic;Gross domestic product per capita, current prices;U.S. dollars;Units;See notes for:  Gross domestic product, current prices (National currency) Population (Persons).;245.851;329.934;396.495;379.056;344.404;258.467;280.635;309.913;323.343;382.888;436.496;478.77;546.621;725.487;971.678;876.933;884.846;1,131.471;1,189.517;1,295.225;1,292.621;1,132.843;1,131.841;1,254.510;1,321.954;1,466.956;1,270.961;1,390.900;1,805.648;2,018.911;2021
LAO;Lao P.D.R.;Gross domestic product per capita, current prices;U.S. dollars;Units;See notes for:  Gross domestic product, current prices (National currency) Population (Persons).;641.635;727.106;739.317;682.509;254.24;264.926;316.667;318.271;328.928;397.312;459.603;525.985;661.572;787.382;969.073;1,032.328;1,187.022;1,397.003;1,566.197;1,813.802;1,982.523;2,124.256;2,307.838;2,437.127;2,551.830;2,602.623;2,528.997;2,495.962;2,022.383;1,970.845;2022
LVA;Latvia;Gross domestic product per capita, current prices;U.S. dollars;Units;See notes for:  Gross domestic product, current prices (National currency) Population (Persons).;1,725.207;2,163.747;2,419.562;2,670.492;2,961.556;3,140.581;3,343.184;3,553.667;4,120.691;5,121.736;6,342.835;7,569.831;9,690.458;14,079.584;16,435.210;12,243.072;11,316.932;13,371.012;13,786.588;14,927.223;15,685.979;13,728.365;14,259.249;15,626.275;17,806.560;17,828.071;18,013.227;20,847.701;21,566.931;23,175.505;2023
LBN;Lebanon;Gross domestic product per capita, current prices;U.S. dollars;Units;See notes for:  Gross domestic product, current prices (National currency) Population (Persons).;2,311.748;2,770.619;3,178.874;3,782.132;4,082.320;4,040.828;3,938.847;3,955.314;4,236.269;4,325.581;4,625.239;4,629.975;4,665.929;5,162.000;5,957.729;7,149.809;7,695.220;7,914.089;8,500.137;8,255.236;7,665.322;7,802.702;8,172.768;8,680.307;9,225.506;8,808.242;4,410.402;3,537.129;4,467.189;4,486.987;2021
LSO;Lesotho;Gross domestic product per capita, current prices;U.S. dollars;Units;See notes for:  Gross domestic product, current prices (National currency) Population (Persons).;512.036;549.606;524.624;551.041;508.557;501.75;493.333;414.027;457.662;670.897;852.696;922.416;916.563;930.798;868.532;1,011.420;1,222.197;1,324.607;1,261.443;1,191.994;1,250.627;1,104.543;1,099.146;1,199.628;1,215.317;1,134.400;1,014.795;1,162.787;1,073.483;1,034.246;2022
LBR;Liberia;Gross domestic product per capita, current prices;U.S. dollars;Units;See notes for:  Gross domestic product, current prices (National currency) Population (Persons).;n/a;n/a;n/a;n/a;n/a;n/a;303.143;305.909;311.768;231.891;286.104;293.471;333.151;388.154;464.437;470.218;505.363;582.614;646.662;716.576;708.816;691.369;709.824;706.239;677.356;623.887;600.475;677.387;749.187;808.259;2023
LBY;Libya;Gross domestic product per capita, current prices;U.S. dollars;Units;See notes for:  Gross domestic product, current prices (National currency) Population (Persons).;6,391.134;7,102.861;7,608.817;7,663.003;6,171.767;7,294.482;7,625.010;6,693.083;3,956.483;4,986.326;6,180.388;8,739.202;10,561.378;11,801.274;14,762.577;10,195.762;12,478.014;8,132.318;14,728.068;12,026.021;9,168.285;7,706.743;7,817.631;10,413.840;11,773.860;10,525.706;7,058.334;5,248.302;6,386.468;6,422.118;2019
LTU;Lithuania;Gross domestic product per capita, current prices;U.S. dollars;Units;See notes for:  Gross domestic product, current prices (National currency) Population (Persons).;n/a;1,843.729;2,325.762;2,828.918;3,165.823;3,112.469;3,288.737;3,525.851;4,141.980;5,497.669;6,686.279;7,859.932;9,239.892;12,308.603;14,986.833;11,851.028;12,006.511;14,397.447;14,354.659;15,748.605;16,580.198;14,262.518;15,012.141;16,866.728;19,195.354;19,623.637;20,348.942;23,873.118;25,188.866;26,997.801;2023
LUX;Luxembourg;Gross domestic product per capita, current prices;U.S. dollars;Units;See notes for:  Gross domestic product, current prices (National currency) Population (Persons).;43,307.076;50,705.305;49,719.082;44,202.752;45,636.752;49,341.440;48,984.386;48,719.110;53,227.765;66,160.728;77,030.646;81,728.362;91,478.339;108,344.137;121,616.145;110,249.419;112,049.150;120,526.246;113,953.737;121,422.921;125,200.137;106,710.273;107,948.199;111,211.579;117,993.371;113,860.351;117,616.151;134,924.978;126,597.939;129,810.315;2023
MAC;Macao SAR;Gross domestic product per capita, current prices;U.S. dollars;Units;See notes for:  Gross domestic product, current prices (National currency) Population (Persons).;n/a;n/a;n/a;n/a;n/a;n/a;n/a;15,723.751;16,733.977;18,461.835;23,005.586;25,109.973;28,970.428;34,268.703;38,286.226;39,822.349;51,135.159;66,111.715;74,209.140;84,833.692;86,298.091;69,647.776;69,887.827;77,145.531;82,695.455;81,051.045;37,100.934;45,329.599;36,361.139;69,079.723;2023
MDG;Madagascar;Gross domestic product per capita, current prices;U.S. dollars;Units;See notes for:  Gross domestic product, current prices (National currency) Population (Persons).;279.38;295.539;368.663;309.351;310.104;292.558;307.335;350.5;334.838;387.055;298.635;335.388;355.397;459.855;561.654;488.901;492.67;553.45;538.541;560.939;548.905;481.807;489.439;528.379;535.948;531.75;477.375;516.529;522.583;530.466;2018
MWI;Malawi;Gross domestic product per capita, current prices;U.S. dollars;Units;See notes for:  Gross domestic product, current prices (National currency) Population (Persons).;278.145;319.894;512.064;583.417;373.078;368.272;352.65;338.478;384.137;345.163;365.696;377.042;400.898;432.115;504.65;571.113;623.414;695.331;506.3;446.999;484.322;497.737;415.016;466.559;501.113;543.685;567.59;580.923;567.203;557.633;2016
MYS;Malaysia;Gross domestic product per capita, current prices;U.S. dollars;Units;See notes for:  Gross domestic product, current prices (National currency) Population (Persons).;4,029.272;4,671.084;5,175.901;5,012.378;3,521.119;3,762.769;4,347.730;4,189.053;4,441.824;4,740.324;5,244.873;5,678.332;6,351.127;7,480.893;8,766.175;7,543.882;9,046.978;10,397.902;10,806.823;10,851.657;11,165.249;9,663.122;9,523.316;9,965.123;11,079.617;11,228.293;10,400.219;11,474.241;12,483.329;12,090.597;2023
MDV;Maldives;Gross domestic product per capita, current prices;U.S. dollars;Units;See notes for:  Gross domestic product, current prices (National currency) Population (Persons).;1,591.140;1,903.127;2,107.605;2,553.949;2,658.803;2,842.658;2,967.253;2,780.451;2,952.215;3,690.798;4,238.046;3,960.437;5,268.793;6,128.480;7,337.951;7,450.805;8,086.697;8,078.305;8,719.582;9,766.235;10,787.471;11,838.621;12,435.588;13,373.779;14,762.266;15,374.179;9,803.066;13,637.448;15,765.502;16,541.030;2014
MLI;Mali;Gross domestic product per capita, current prices;U.S. dollars;Units;See notes for:  Gross domestic product, current prices (National currency) Population (Persons).;265.119;336.392;337.183;309.659;313.318;315.484;263.615;299.414;326.736;381.853;427.523;474.257;506.939;579.325;678.346;681.803;688.89;810.04;753.869;778.808;818.665;723.581;749.846;795.387;856.743;840.211;831.034;902.852;809.941;865.599;2022
MLT;Malta;Gross domestic product per capita, current prices;U.S. dollars;Units;See notes for:  Gross domestic product, current prices (National currency) Population (Persons).;n/a;9,469.279;9,605.089;9,647.634;10,147.493;10,529.187;11,054.517;11,086.391;11,868.857;13,754.627;15,325.262;15,852.477;16,748.278;19,655.101;22,487.727;21,318.804;21,989.786;23,585.252;23,028.989;25,554.391;27,690.937;25,795.214;26,691.849;30,754.810;33,973.293;33,105.744;31,818.840;38,232.197;36,902.114;41,204.739;2023
MHL;Marshall Islands;Gross domestic product per capita, current prices;U.S. dollars;Units;See notes for:  Gross domestic product, current prices (National currency) Population (Persons).;n/a;n/a;n/a;2,229.856;2,241.090;2,230.968;2,246.583;2,426.822;2,657.160;2,625.136;2,634.183;2,695.090;2,780.785;2,904.991;2,793.934;2,892.871;3,043.357;3,241.393;3,437.541;3,595.842;3,651.958;3,680.813;4,143.728;4,547.783;4,850.533;5,274.862;5,502.426;6,103.305;6,118.995;6,417.177;2022
MRT;Mauritania;Gross domestic product per capita, current prices;U.S. dollars;Units;See notes for:  Gross domestic product, current prices (National currency) Population (Persons).;872.712;912.587;904.326;854.319;812.206;773.412;673.361;641.849;634.588;711.709;796.923;963.498;1,357.425;1,425.466;1,647.288;1,475.591;1,715.923;2,012.828;1,946.079;2,072.492;1,826.780;1,668.065;1,690.813;1,758.542;1,882.203;1,945.050;2,040.677;2,152.336;2,206.776;2,403.679;2014
MUS;Mauritius;Gross domestic product per capita, current prices;U.S. dollars;Units;See notes for:  Gross domestic product, current prices (National currency) Population (Persons).;3,492.709;3,954.762;4,047.248;3,753.498;3,751.708;3,911.109;4,157.831;4,081.162;4,252.930;5,072.811;5,701.753;5,590.468;5,772.667;6,663.186;8,138.170;7,416.659;8,108.095;9,320.873;9,416.335;9,766.770;10,366.355;9,507.999;9,967.673;10,844.145;11,642.891;11,407.849;9,010.929;9,086.524;10,250.571;11,543.601;2022
MEX;Mexico;Gross domestic product per capita, current prices;U.S. dollars;Units;See notes for:  Gross domestic product, current prices (National currency) Population (Persons).;6,086.828;4,109.778;4,597.153;5,484.708;5,759.186;6,435.620;7,467.739;7,902.129;7,934.694;7,390.343;7,806.561;8,626.151;9,456.912;10,063.621;10,438.499;8,346.772;9,632.818;10,554.350;10,631.077;11,099.184;11,272.395;9,915.089;8,999.570;9,542.783;9,970.967;10,259.746;8,742.217;10,180.182;11,259.750;13,641.033;2020
FSM;Micronesia;Gross domestic product per capita, current prices;U.S. dollars;Units;See notes for:  Gross domestic product, current prices (National currency) Population (Persons).;n/a;2,079.644;2,042.840;1,923.698;2,032.999;2,034.555;2,145.791;2,215.079;2,233.027;2,270.188;2,225.291;2,329.628;2,367.169;2,412.272;2,483.688;2,656.607;2,826.044;2,960.255;3,107.839;3,012.693;3,033.927;3,015.192;3,189.875;3,546.689;3,933.370;4,001.004;3,829.739;4,063.490;4,540.027;4,864.704;2021
MDA;Moldova;Gross domestic product per capita, current prices;U.S. dollars;Units;See notes for:  Gross domestic product, current prices (National currency) Population (Persons).;389.592;485.354;572.302;653.525;575.974;398.41;448.062;505.784;569.109;680.272;894.061;1,031.422;1,179.323;1,526.379;2,102.942;1,890.647;2,428.106;2,930.062;3,031.129;3,307.351;3,314.553;2,715.782;2,857.879;3,422.643;4,121.047;4,376.654;4,377.542;5,293.206;5,726.139;6,641.582;2023
MNG;Mongolia;Gross domestic product per capita, current prices;U.S. dollars;Units;See notes for:  Gross domestic product, current prices (National currency) Population (Persons).;419.198;647.441;592.439;511.954;480.917;445.544;473.198;521.317;566.403;639.373;789.958;989.177;1,321.606;1,616.138;2,109.269;1,687.550;2,602.373;3,702.359;4,281.330;4,293.834;4,081.015;3,800.110;3,575.095;3,612.716;4,078.182;4,309.049;3,965.097;4,482.853;4,959.141;5,796.476;2023
MNE;Montenegro;Gross domestic product per capita, current prices;U.S. dollars;Units;See notes for:  Gross domestic product, current prices (National currency) Population (Persons).;n/a;n/a;n/a;n/a;n/a;n/a;n/a;n/a;n/a;n/a;n/a;n/a;n/a;n/a;n/a;n/a;n/a;n/a;n/a;n/a;n/a;n/a;n/a;n/a;n/a;n/a;n/a;n/a;n/a;11,696.262;2023
MAR;Morocco;Gross domestic product per capita, current prices;U.S. dollars;Units;See notes for:  Gross domestic product, current prices (National currency) Population (Persons).;1,482.245;1,600.892;1,745.452;1,561.012;1,644.073;1,614.860;1,486.875;1,489.702;1,573.475;1,914.006;2,163.480;2,232.944;2,427.109;2,759.516;3,189.200;3,162.860;3,134.698;3,367.347;3,224.712;3,463.601;3,527.712;3,235.570;3,235.218;3,401.256;3,615.592;3,622.679;3,375.438;3,911.053;3,571.091;3,901.397;2023
MOZ;Mozambique;Gross domestic product per capita, current prices;U.S. dollars;Units;See notes for:  Gross domestic product, current prices (National currency) Population (Persons).;197.895;197.737;252.506;297.228;330.149;364.482;334.841;310.076;317.135;340.566;398.646;432.738;451.128;498.838;579.997;535.666;484.961;604.414;671.212;672.832;683.942;599.4;433.672;463.005;510.38;512.216;456.582;504.038;572.757;618.283;2015
MMR;Myanmar;Gross domestic product per capita, current prices;U.S. dollars;Units;See notes for:  Gross domestic product, current prices (National currency) Population (Persons).;n/a;n/a;n/a;n/a;109.093;134.372;159.287;145.105;139.436;177.444;213.4;239.129;266.297;347.813;492.977;593.446;727.194;1,015.564;1,104.637;1,175.911;1,244.184;1,223.742;1,163.794;1,177.083;1,271.677;1,302.277;1,462.464;1,270.854;1,146.239;1,190.012;2021
NAM;Namibia;Gross domestic product per capita, current prices;U.S. dollars;Units;See notes for:  Gross domestic product, current prices (National currency) Population (Persons).;2,283.063;2,499.330;2,433.842;2,464.783;2,239.460;2,179.338;2,191.840;1,945.166;1,811.321;2,610.820;3,457.577;3,747.882;3,896.549;4,354.324;4,180.522;4,323.868;5,389.682;5,841.940;6,009.224;5,472.955;5,449.076;4,888.059;4,454.900;5,210.902;5,381.470;4,798.261;3,937.667;4,476.585;4,405.788;4,216.111;2023
NRU;Nauru;Gross domestic product per capita, current prices;U.S. dollars;Units;See notes for:  Gross domestic product, current prices (National currency) Population (Persons).;n/a;n/a;n/a;n/a;n/a;n/a;n/a;n/a;n/a;n/a;3,066.932;3,053.016;3,144.743;2,509.316;3,982.194;4,630.943;4,813.327;6,521.166;10,005.183;8,975.704;8,630.426;7,090.709;7,825.366;8,550.692;10,582.207;10,567.406;10,346.097;14,303.427;12,521.601;12,078.308;2020
NPL;Nepal;Gross domestic product per capita, current prices;U.S. dollars;Units;See notes for:  Gross domestic product, current prices (National currency) Population (Persons).;227.325;241.15;243.348;259.233;252.809;255.294;266.158;269.25;269.082;281.039;319.068;354.973;388.995;440.856;532.331;542.536;671.998;795.314;794.093;809.384;827.394;882.308;880.225;1,027.965;1,161.534;1,185.682;1,139.192;1,229.474;1,348.157;1,316.147;2022
NLD;Netherlands;Gross domestic product per capita, current prices;U.S. dollars;Units;See notes for:  Gross domestic product, current prices (National currency) Population (Persons).;24,970.810;29,393.998;29,141.033;26,852.990;28,057.363;28,440.146;26,338.584;27,055.556;29,505.471;35,960.302;40,652.199;42,225.811;45,158.785;52,182.448;58,383.013;53,257.987;51,472.808;54,814.546;50,580.212;52,680.978;53,584.489;45,904.668;46,936.707;49,640.480;54,138.331;53,755.165;53,529.218;60,380.434;59,540.881;64,829.341;2023
NZL;New Zealand;Gross domestic product per capita, current prices;U.S. dollars;Units;See notes for:  Gross domestic product, current prices (National currency) Population (Persons).;14,612.096;16,932.486;18,506.444;18,206.677;14,889.470;15,348.777;14,021.862;13,669.348;15,706.932;20,460.331;24,848.791;27,385.506;26,219.918;31,914.298;31,762.876;28,270.425;33,393.032;38,061.507;39,683.612;42,081.344;44,284.679;38,224.631;39,415.045;42,289.966;42,757.406;42,273.966;41,343.891;48,856.669;47,327.941;47,423.081;2023
NIC;Nicaragua;Gross domestic product per capita, current prices;U.S. dollars;Units;See notes for:  Gross domestic product, current prices (National currency) Population (Persons).;898.199;935.34;947.14;940.143;973.071;999.413;1,030.740;1,054.660;1,011.904;1,010.231;1,077.784;1,152.801;1,224.724;1,326.658;1,498.880;1,438.131;1,499.067;1,652.096;1,728.147;1,783.560;1,909.424;2,029.124;2,091.463;2,147.856;2,008.404;1,940.115;1,952.183;2,163.083;2,371.681;2,672.628;2020
NER;Niger;Gross domestic product per capita, current prices;U.S. dollars;Units;See notes for:  Gross domestic product, current prices (National currency) Population (Persons).;211.016;241.954;243.965;224.475;250.234;231.66;197.275;207.769;227.424;267.41;285.39;320.925;335.336;389.258;477.272;462.269;476.064;511.49;528.921;551.557;562.888;484.173;497.885;517.589;570.983;554.124;568.606;593.802;592.621;621.04;2009
NGA;Nigeria;Gross domestic product per capita, current prices;U.S. dollars;Units;See notes for:  Gross domestic product, current prices (National currency) Population (Persons).;760.992;1,224.938;1,560.382;1,655.818;1,802.587;481.951;554.64;583.187;730.836;780.399;963.236;1,221.651;1,563.031;1,791.823;2,197.776;1,927.476;2,328.425;2,543.504;2,756.410;2,998.068;3,222.691;2,718.586;2,176.001;1,968.563;2,153.094;2,361.108;2,099.135;2,089.072;2,198.266;1,637.468;2012
MKD;North Macedonia;Gross domestic product per capita, current prices;U.S. dollars;Units;See notes for:  Gross domestic product, current prices (National currency) Population (Persons).;1,824.421;2,387.162;2,348.113;1,980.432;1,888.758;1,931.992;1,878.240;1,839.619;1,974.059;2,440.818;2,810.189;3,120.191;3,439.899;4,204.252;5,027.419;4,798.697;4,837.167;5,419.285;5,052.951;5,629.487;5,933.370;5,264.132;5,605.436;5,970.578;6,719.639;6,720.332;6,672.521;7,625.260;7,498.577;8,063.108;2023
NOR;Norway;Gross domestic product per capita, current prices;U.S. dollars;Units;See notes for:  Gross domestic product, current prices (National currency) Population (Persons).;29,236.375;34,790.001;37,225.290;36,561.409;34,732.137;36,300.553;38,094.597;38,553.843;43,083.871;50,161.513;57,676.821;66,924.047;74,255.799;85,276.992;97,119.989;80,115.693;87,823.805;100,815.931;101,779.186;103,214.973;97,302.705;74,568.136;70,629.250;75,940.175;82,605.919;76,303.683;68,275.277;92,955.206;108,438.547;87,702.851;2023
OMN;Oman;Gross domestic product per capita, current prices;U.S. dollars;Units;See notes for:  Gross domestic product, current prices (National currency) Population (Persons).;7,010.595;7,284.846;7,869.076;7,983.970;6,920.864;7,554.515;9,266.358;9,088.213;9,285.343;9,792.637;11,042.532;13,563.457;15,946.355;17,716.421;25,061.257;19,235.875;21,677.793;23,518.573;24,129.012;23,328.489;23,219.693;18,924.970;17,020.387;17,731.849;19,885.271;19,069.329;17,076.319;19,458.452;22,688.950;21,062.910;2023
PAK;Pakistan;Gross domestic product per capita, current prices;U.S. dollars;Units;See notes for:  Gross domestic product, current prices (National currency) Population (Persons).;723.052;823.987;839.336;807.501;784.545;725.396;733.461;696.936;689.971;771.761;885.149;948.828;1,032.277;1,146.082;1,228.232;1,108.978;1,137.985;1,301.736;1,377.776;1,390.648;1,423.889;1,535.348;1,566.625;1,653.406;1,698.034;1,500.683;1,376.512;1,565.575;1,651.323;1,458.013;2023
PLW;Palau;Gross domestic product per capita, current prices;U.S. dollars;Units;See notes for:  Gross domestic product, current prices (National currency) Population (Persons).;n/a;n/a;n/a;n/a;n/a;n/a;7,818.073;8,269.121;8,368.738;7,889.263;8,423.939;9,326.273;9,766.036;10,224.938;10,580.885;9,969.966;10,173.161;10,978.367;12,320.351;12,916.696;13,954.244;16,036.948;17,181.122;16,432.535;16,341.359;15,992.463;14,697.164;13,384.405;14,517.463;16,014.467;2023
PAN;Panama;Gross domestic product per capita, current prices;U.S. dollars;Units;See notes for:  Gross domestic product, current prices (National currency) Population (Persons).;3,207.884;3,212.815;3,711.349;3,929.349;4,173.999;4,286.698;4,261.463;4,244.106;4,324.661;4,469.688;4,807.660;5,146.047;5,598.289;6,350.183;7,369.186;7,806.732;8,332.576;9,653.933;11,063.257;12,273.180;13,221.567;14,102.156;14,866.506;15,731.102;16,181.217;16,526.419;13,342.722;15,540.795;17,409.626;18,725.739;2022
PNG;Papua New Guinea;Gross domestic product per capita, current prices;U.S. dollars;Units;See notes for:  Gross domestic product, current prices (National currency) Population (Persons).;1,834.984;1,581.631;1,639.773;1,527.441;1,138.365;1,013.232;1,007.517;862.099;814.701;995.275;1,111.943;1,269.526;1,411.902;1,576.159;1,883.527;1,833.090;2,114.866;2,479.190;2,796.515;2,659.914;2,766.349;2,466.511;2,245.439;2,343.574;2,366.847;2,314.745;2,124.796;2,216.458;2,627.783;2,518.040;2021
PRY;Paraguay;Gross domestic product per capita, current prices;U.S. dollars;Units;See notes for:  Gross domestic product, current prices (National currency) Population (Persons).;1,681.396;1,897.134;2,008.188;2,003.578;1,824.648;1,706.395;1,675.793;1,577.681;1,312.083;1,377.521;1,693.886;1,857.780;2,285.125;2,988.684;4,054.044;3,623.931;4,329.690;5,301.834;5,153.417;5,892.846;6,065.282;5,360.077;5,265.061;5,608.156;5,703.324;5,302.239;4,885.396;5,433.251;5,628.472;5,685.818;2022
PER;Peru;Gross domestic product per capita, current prices;U.S. dollars;Units;See notes for:  Gross domestic product, current prices (National currency) Population (Persons).;1,815.739;2,119.375;2,163.399;2,238.263;2,106.752;1,872.791;1,910.357;1,910.299;1,998.363;2,147.735;2,405.294;2,677.739;3,130.790;3,633.714;4,286.515;4,279.172;5,200.933;5,928.493;6,638.829;6,920.082;6,880.901;6,436.053;6,453.923;6,992.244;7,210.677;7,251.682;6,328.104;6,852.501;7,314.211;7,912.956;2017
PHL;Philippines;Gross domestic product per capita, current prices;U.S. dollars;Units;See notes for:  Gross domestic product, current prices (National currency) Population (Persons).;1,094.543;1,237.311;1,316.406;1,279.835;988.487;1,112.353;1,087.287;1,003.957;1,050.297;1,062.619;1,137.068;1,261.241;1,470.825;1,764.683;2,011.634;1,923.674;2,237.157;2,473.249;2,721.252;2,903.189;2,995.504;3,039.234;3,107.646;3,153.314;3,279.519;3,512.195;3,312.739;3,580.009;3,644.792;3,906.229;2023
POL;Poland;Gross domestic product per capita, current prices;U.S. dollars;Units;See notes for:  Gross domestic product, current prices (National currency) Population (Persons).;2,692.704;3,612.264;4,066.179;4,075.977;4,459.097;4,348.147;4,485.064;4,987.859;5,205.517;5,699.557;6,684.675;8,023.921;9,031.797;11,252.863;13,999.496;11,532.283;12,510.805;13,776.572;13,010.540;13,550.385;14,183.116;12,545.188;12,369.893;13,819.834;15,504.366;15,694.594;15,792.610;18,380.545;18,701.354;22,085.808;2023
PRT;Portugal;Gross domestic product per capita, current prices;U.S. dollars;Units;See notes for:  Gross domestic product, current prices (National currency) Population (Persons).;9,977.635;11,787.339;12,187.521;11,594.778;12,216.689;12,487.675;11,531.467;11,734.855;12,927.547;15,793.822;18,055.962;18,790.508;19,840.493;22,813.754;24,946.304;23,126.066;22,539.038;23,213.214;20,576.747;21,653.505;22,109.403;19,252.053;19,986.459;21,482.834;23,573.253;23,333.408;22,224.610;24,838.758;24,798.548;27,834.773;2023
PRI;Puerto Rico;Gross domestic product per capita, current prices;U.S. dollars;Units;See notes for:  Gross domestic product, current prices (National currency) Population (Persons).;10,942.949;11,667.589;12,305.024;12,968.394;14,430.159;15,293.182;16,192.127;18,243.709;18,972.770;19,820.208;20,988.989;21,959.317;22,935.951;23,664.874;24,898.335;25,768.726;26,435.742;27,278.853;27,944.742;28,513.150;28,981.343;29,755.350;30,585.550;31,347.273;31,549.375;32,851.875;32,643.179;33,258.313;35,489.750;36,779.059;2023
QAT;Qatar;Gross domestic product per capita, current prices;U.S. dollars;Units;See notes for:  Gross domestic product, current prices (National currency) Population (Persons).;12,009.396;13,689.653;15,143.479;18,841.600;15,421.783;19,689.651;30,461.311;28,600.029;30,701.131;35,919.758;42,548.115;54,357.783;60,591.776;65,934.266;72,484.634;53,822.909;69,796.138;96,827.857;101,933.117;99,180.390;93,054.141;66,346.911;57,965.377;59,127.513;66,421.617;63,007.696;50,962.499;65,400.854;80,385.391;69,540.540;2023
ROU;Romania;Gross domestic product per capita, current prices;U.S. dollars;Units;See notes for:  Gross domestic product, current prices (National currency) Population (Persons).;1,317.048;1,563.117;1,565.472;1,571.689;1,885.349;1,600.881;1,667.613;1,800.966;2,108.445;2,672.061;3,487.699;4,608.801;5,744.634;8,273.885;10,446.484;8,540.187;8,391.048;9,546.749;8,919.363;9,481.981;10,025.457;8,951.736;9,378.957;10,717.263;12,465.699;12,928.148;13,021.962;14,895.318;15,726.433;18,424.685;2023
RUS;Russia;Gross domestic product per capita, current prices;U.S. dollars;Units;See notes for:  Gross domestic product, current prices (National currency) Population (Persons).;1,979.465;2,263.016;2,785.404;2,932.113;1,948.059;1,424.156;1,898.155;2,250.201;2,546.779;3,190.609;4,395.830;5,697.621;7,416.297;9,757.472;12,463.807;9,160.112;11,432.428;14,310.233;15,284.673;15,913.302;13,984.474;9,231.599;8,689.368;10,665.247;11,182.629;11,465.343;10,074.726;12,519.735;15,471.593;13,738.704;2023
RWA;Rwanda;Gross domestic product per capita, current prices;U.S. dollars;Units;See notes for:  Gross domestic product, current prices (National currency) Population (Persons).;223.451;245.276;268.93;345.662;338.306;284.166;266.055;248.99;242.338;257.7;277.634;334.612;368.709;442.334;545.574;585.04;612.567;674.982;730.185;728.395;749.269;758.834;753.876;783.521;797.2;836.286;803.456;854.139;1,005.011;1,044.352;2022
WSM;Samoa;Gross domestic product per capita, current prices;U.S. dollars;Units;See notes for:  Gross domestic product, current prices (National currency) Population (Persons).;n/a;n/a;n/a;n/a;1,655.952;1,509.117;1,552.030;1,557.508;1,638.535;1,927.085;2,341.911;2,704.296;2,850.163;3,121.319;3,733.905;3,348.774;3,658.418;3,969.173;4,088.771;4,182.937;4,153.039;4,260.583;4,325.408;4,496.277;4,390.958;4,472.223;4,308.015;4,150.674;4,064.061;4,478.194;2022
SMR;San Marino;Gross domestic product per capita, current prices;U.S. dollars;Units;See notes for:  Gross domestic product, current prices (National currency) Population (Persons).;n/a;n/a;n/a;n/a;n/a;n/a;n/a;n/a;n/a;n/a;59,313.405;61,150.610;64,498.508;72,991.531;79,110.201;67,011.543;60,426.235;57,512.891;50,336.185;51,986.532;51,234.869;43,068.693;44,308.666;45,887.687;49,477.281;48,043.860;45,640.984;54,733.239;53,875.751;58,249.292;2022
STP;S�o Tom� and Pr�ncipe;Gross domestic product per capita, current prices;U.S. dollars;Units;See notes for:  Gross domestic product, current prices (National currency) Population (Persons).;1,058.931;820.593;1,050.097;700.969;541.273;568.499;550.516;505.213;552.891;647.954;692.685;809.407;839.546;885.101;1,125.875;1,173.498;1,090.263;1,274.447;1,262.796;1,439.109;1,545.253;1,335.729;1,470.016;1,594.356;1,851.025;1,953.567;2,181.870;2,370.311;2,404.719;2,949.403;2011
SAU;Saudi Arabia;Gross domestic product per capita, current prices;U.S. dollars;Units;See notes for:  Gross domestic product, current prices (National currency) Population (Persons).;8,663.672;8,957.496;9,666.949;9,858.984;8,512.519;9,144.592;10,448.562;9,898.290;9,937.430;11,027.928;12,891.345;15,943.431;17,827.397;19,196.070;23,403.651;18,836.967;22,028.379;26,966.305;28,348.563;27,290.188;27,079.673;22,453.580;21,515.651;23,081.196;28,036.026;27,892.842;23,271.404;28,396.104;34,454.196;32,529.678;2022
SEN;Senegal;Gross domestic product per capita, current prices;U.S. dollars;Units;See notes for:  Gross domestic product, current prices (National currency) Population (Persons).;560.956;693.418;706.864;642.569;686.369;689.683;614.004;648.446;680.83;831.623;931.745;993.237;1,027.786;1,197.551;1,403.795;1,307.516;1,272.622;1,366.534;1,318.614;1,372.686;1,397.017;1,219.373;1,269.553;1,361.221;1,458.730;1,436.224;1,465.244;1,603.346;1,569.546;1,703.392;2022
SRB;Serbia;Gross domestic product per capita, current prices;U.S. dollars;Units;See notes for:  Gross domestic product, current prices (National currency) Population (Persons).;n/a;n/a;n/a;n/a;n/a;1,587.882;1,302.459;1,733.695;2,291.259;3,009.723;3,486.086;3,695.343;4,398.828;5,878.873;7,087.453;6,168.228;5,673.620;6,809.940;6,014.914;6,752.796;6,598.935;5,588.979;5,765.203;6,292.546;7,252.404;7,417.206;7,733.803;9,186.968;9,537.684;11,352.113;2023
SYC;Seychelles;Gross domestic product per capita, current prices;U.S. dollars;Units;See notes for:  Gross domestic product, current prices (National currency) Population (Persons).;6,555.429;6,748.825;6,583.091;7,280.929;7,715.784;7,747.491;7,578.829;7,663.083;8,431.923;8,524.935;10,176.659;11,093.314;12,014.418;12,155.702;11,480.433;9,707.265;10,805.099;11,647.017;11,999.897;14,762.223;15,189.845;15,375.608;16,721.449;17,738.310;18,602.985;19,366.719;14,235.574;15,195.623;20,804.533;21,455.112;2022
SLE;Sierra Leone;Gross domestic product per capita, current prices;U.S. dollars;Units;See notes for:  Gross domestic product, current prices (National currency) Population (Persons).;491.526;470.764;507.277;455.422;356.506;348.493;326.755;363.023;400.707;426.455;430.454;473.295;539.31;576.116;640.087;605.023;650.602;731.154;856.045;981.3;929.266;941.231;821.872;776.064;835.315;834.368;837.636;859.108;856.815;754.283;2023
SGP;Singapore;Gross domestic product per capita, current prices;U.S. dollars;Units;See notes for:  Gross domestic product, current prices (National currency) Population (Persons).;21,552.408;24,914.851;26,232.869;26,375.868;21,829.278;21,796.642;23,852.834;21,699.748;22,159.833;23,730.379;27,608.075;29,961.308;33,768.446;39,432.895;40,008.577;38,926.813;47,236.672;53,891.462;55,547.546;56,967.426;57,564.802;55,645.607;56,899.903;61,162.097;66,840.654;66,081.704;61,466.819;79,601.393;88,428.724;84,734.277;2023
SVK;Slovak Republic;Gross domestic product per capita, current prices;U.S. dollars;Units;See notes for:  Gross domestic product, current prices (National currency) Population (Persons).;2,950.872;3,711.964;4,004.779;4,076.513;4,236.587;3,869.065;3,839.791;3,982.442;4,626.832;6,341.548;8,040.084;9,141.855;10,700.341;14,374.845;18,074.617;16,591.492;16,925.867;18,526.850;17,519.973;18,284.914;18,734.166;16,399.966;16,572.743;17,591.553;19,508.308;19,397.274;19,541.007;21,730.181;21,284.578;24,468.025;2023
SVN;Slovenia;Gross domestic product per capita, current prices;U.S. dollars;Units;See notes for:  Gross domestic product, current prices (National currency) Population (Persons).;8,474.175;10,755.993;10,792.457;10,452.260;11,123.988;11,457.877;10,193.539;10,397.982;11,666.411;14,736.002;17,125.360;18,022.500;19,613.552;23,819.362;27,609.896;24,563.148;23,367.241;24,968.511;22,474.535;23,250.102;24,029.664;20,705.968;21,450.814;23,300.425;25,987.659;25,909.807;25,451.130;29,194.311;28,462.153;32,673.257;2023
SLB;Solomon Islands;Gross domestic product per capita, current prices;U.S. dollars;Units;See notes for:  Gross domestic product, current prices (National currency) Population (Persons).;1,131.066;1,280.065;1,353.224;1,357.490;1,148.356;1,193.092;991.855;935.937;766.748;756.444;827.751;964.222;1,058.645;1,185.808;1,301.382;1,334.470;1,492.242;1,799.714;1,977.725;2,090.220;2,116.109;2,021.371;2,080.758;2,164.950;2,325.003;2,278.163;2,118.582;2,059.050;2,077.115;2,124.809;2019
SOM;Somalia;Gross domestic product per capita, current prices;U.S. dollars;Units;See notes for:  Gross domestic product, current prices (National currency) Population (Persons).;n/a;n/a;n/a;n/a;n/a;n/a;n/a;n/a;n/a;n/a;n/a;n/a;n/a;n/a;n/a;n/a;n/a;n/a;437.51;481.924;514.688;531.556;558.643;606.778;563.115;602.186;583.956;624.408;653.449;683.343;2013
ZAF;South Africa;Gross domestic product per capita, current prices;U.S. dollars;Units;See notes for:  Gross domestic product, current prices (National currency) Population (Persons).;3,786.210;4,145.210;3,869.700;3,937.658;3,508.140;3,423.595;3,382.066;2,964.029;2,778.115;4,191.400;5,392.861;6,007.979;6,250.883;6,752.256;6,337.933;6,538.166;8,118.173;8,784.648;8,185.718;7,431.908;6,952.314;6,222.526;5,721.189;6,647.093;6,956.410;6,582.757;5,630.983;6,938.723;6,629.419;6,111.746;2022
SSD;South Sudan;Gross domestic product per capita, current prices;U.S. dollars;Units;See notes for:  Gross domestic product, current prices (National currency) Population (Persons).;n/a;n/a;n/a;n/a;n/a;n/a;n/a;n/a;n/a;n/a;n/a;n/a;n/a;n/a;n/a;n/a;n/a;1,659.546;1,041.463;1,337.232;1,316.271;1,289.835;237.024;143.342;240.32;302.262;393.589;418.969;550.861;478.118;2008
ESP;Spain;Gross domestic product per capita, current prices;U.S. dollars;Units;See notes for:  Gross domestic product, current prices (National currency) Population (Persons).;13,436.388;15,494.944;16,157.469;14,811.137;15,485.291;15,790.744;14,754.682;15,400.142;17,102.295;21,512.250;24,950.174;26,459.841;28,446.770;32,649.222;35,576.848;32,241.569;30,693.281;31,823.406;28,478.514;29,236.149;29,719.010;25,991.877;26,752.982;28,394.717;30,651.153;29,798.124;27,214.292;30,893.220;30,402.921;33,895.593;2023
LKA;Sri Lanka;Gross domestic product per capita, current prices;U.S. dollars;Units;See notes for:  Gross domestic product, current prices (National currency) Population (Persons).;787.255;829.22;903.331;1,003.944;1,026.150;1,025.700;1,065.469;1,017.154;1,061.683;1,162.710;1,259.771;1,477.595;1,698.156;1,928.714;2,410.801;2,472.242;2,894.260;3,320.074;3,446.355;3,737.366;3,969.713;4,057.742;4,150.367;4,401.055;4,360.149;4,082.694;3,846.175;3,999.337;3,330.376;n/a;2020
KNA;St. Kitts and Nevis;Gross domestic product per capita, current prices;U.S. dollars;Units;See notes for:  Gross domestic product, current prices (National currency) Population (Persons).;6,464.269;6,874.425;7,241.085;8,045.301;8,276.953;8,670.442;9,261.826;9,963.419;10,388.287;10,109.465;10,882.512;11,710.746;13,747.809;14,660.963;16,491.885;16,373.910;16,427.612;17,571.611;17,293.961;18,315.992;19,944.975;20,025.807;21,079.443;22,147.971;22,533.727;23,205.126;18,553.579;18,035.552;20,593.177;22,106.297;2021
LCA;St. Lucia;Gross domestic product per capita, current prices;U.S. dollars;Units;See notes for:  Gross domestic product, current prices (National currency) Population (Persons).;4,736.704;5,003.443;5,119.759;5,181.542;5,588.756;5,821.497;5,843.353;5,553.186;5,558.316;6,051.870;6,490.831;6,861.984;7,614.247;7,944.157;8,462.296;8,248.564;8,675.296;9,112.904;9,231.109;9,543.638;10,006.484;10,292.738;10,591.886;11,280.600;11,585.786;11,733.226;8,364.868;10,393.385;12,958.677;13,358.349;2022
VCT;St. Vincent and the Grenadines;Gross domestic product per capita, current prices;U.S. dollars;Units;See notes for:  Gross domestic product, current prices (National currency) Population (Persons).;2,924.036;3,188.478;3,340.515;3,500.225;3,755.704;3,922.719;3,973.449;4,284.994;4,518.089;4,710.272;5,082.069;5,353.688;5,933.621;6,572.506;6,740.480;6,564.113;6,613.132;6,544.688;6,686.015;6,988.344;7,028.297;7,154.784;7,390.469;7,643.104;8,001.555;8,231.638;7,810.304;8,021.730;8,921.900;9,757.972;2016
SDN;Sudan;Gross domestic product per capita, current prices;U.S. dollars;Units;See notes for:  Gross domestic product, current prices (National currency) Population (Persons).;205.922;239.507;292.909;350.723;366.582;352.442;422.316;492.676;554.652;635.575;772.939;996.677;1,249.767;1,599.596;1,700.513;1,401.244;1,637.419;2,034.461;1,396.292;1,462.582;1,628.497;1,679.025;1,638.638;1,199.177;800.064;728.42;794.696;772.509;718.049;795.679;2011
SUR;Suriname;Gross domestic product per capita, current prices;U.S. dollars;Units;See notes for:  Gross domestic product, current prices (National currency) Population (Persons).;1,212.382;2,272.326;2,787.957;2,947.257;3,492.771;2,839.043;2,902.478;2,466.333;3,078.446;3,549.926;4,034.358;4,773.442;5,545.702;6,123.002;7,266.624;7,864.591;8,734.160;8,756.276;9,767.349;9,936.505;9,966.713;9,036.203;5,762.414;6,158.572;6,772.070;6,715.747;4,782.092;4,987.986;5,784.332;5,879.596;2022
SWE;Sweden;Gross domestic product per capita, current prices;U.S. dollars;Units;See notes for:  Gross domestic product, current prices (National currency) Population (Persons).;25,940.638;30,218.291;33,009.711;30,319.117;30,594.173;30,956.584;29,596.993;27,219.096;29,904.825;37,219.938;42,673.530;43,291.520;46,364.062;53,365.592;55,596.078;46,496.896;52,333.874;60,165.568;57,529.127;60,563.645;59,270.463;50,928.576;51,446.757;52,971.455;53,890.765;51,528.899;52,522.605;60,961.254;55,115.015;55,433.135;2023
CHE;Switzerland;Gross domestic product per capita, current prices;U.S. dollars;Units;See notes for:  Gross domestic product, current prices (National currency) Population (Persons).;43,226.544;50,300.388;48,181.651;41,640.758;42,737.474;41,771.329;38,984.533;39,840.715;42,667.360;49,517.320;54,786.321;56,402.171;59,238.780;65,396.963;74,669.867;71,918.046;76,847.270;90,952.845;86,303.678;87,918.427;89,274.250;84,224.924;82,589.322;82,601.498;85,561.001;84,481.041;86,138.871;93,966.493;94,798.830;101,510.023;2023
SYR;Syria;Gross domestic product per capita, current prices;U.S. dollars;Units;See notes for:  Gross domestic product, current prices (National currency) Population (Persons).;1,060.707;1,133.162;1,186.162;1,080.812;1,028.169;1,043.174;1,202.891;1,236.897;1,305.087;1,208.885;1,361.499;1,510.392;1,726.028;2,016.052;2,557.211;2,557.267;2,806.685;n/a;n/a;n/a;n/a;n/a;n/a;n/a;n/a;n/a;n/a;n/a;n/a;n/a;2010
TWN;Taiwan Province of China;Gross domestic product per capita, current prices;U.S. dollars;Units;See notes for:  Gross domestic product, current prices (National currency) Population (Persons).;12,099.746;13,066.128;13,588.306;13,948.722;12,767.078;13,752.716;14,844.238;13,357.195;13,651.355;14,040.597;15,290.307;16,427.459;16,892.883;17,723.704;18,053.591;16,904.543;19,181.358;20,838.589;21,256.361;21,945.460;22,844.316;22,752.991;23,070.733;25,061.624;25,825.566;25,903.168;28,571.440;33,070.701;32,609.595;32,404.320;2023
TJK;Tajikistan;Gross domestic product per capita, current prices;U.S. dollars;Units;See notes for:  Gross domestic product, current prices (National currency) Population (Persons).;147.923;100.448;183.374;192.58;222.282;177.712;159.417;167.035;187.958;236.394;308.844;337.129;401.586;519.025;702.445;666.024;738.287;834.52;949.648;1,040.150;1,105.197;919.073;800.645;844.595;852.341;893.318;858.445;925.135;1,066.747;1,183.908;2014
TZA;Tanzania;Gross domestic product per capita, current prices;U.S. dollars;Units;See notes for:  Gross domestic product, current prices (National currency) Population (Persons).;195.663;221.366;266.49;307.987;370.188;370.918;380.08;377.469;382.287;401.068;428.911;459.755;491.351;551.847;683.547;700.567;739.903;774.979;867.852;970.271;1,030.316;948.688;966.292;1,017.437;1,001.744;1,043.939;1,092.613;1,137.865;1,205.866;1,249.348;2012
THA;Thailand;Gross domestic product per capita, current prices;U.S. dollars;Units;See notes for:  Gross domestic product, current prices (National currency) Population (Persons).;2,491.433;2,846.590;3,043.982;2,468.182;1,845.829;2,033.260;2,007.735;1,893.264;2,096.189;2,359.116;2,660.126;2,893.221;3,369.135;3,972.980;4,378.400;4,213.097;5,077.257;5,492.981;5,860.884;6,168.196;5,952.033;5,838.399;5,994.949;6,593.517;7,296.037;7,811.477;7,170.503;7,237.504;7,072.418;7,335.637;2023
TLS;Timor-Leste;Gross domestic product per capita, current prices;U.S. dollars;Units;See notes for:  Gross domestic product, current prices (National currency) Population (Persons).;n/a;n/a;n/a;n/a;n/a;n/a;420.946;539.594;520.99;534.192;471.231;483.242;462.124;538.952;628.632;689.276;819.147;947.257;1,031.000;1,213.652;1,233.580;1,332.672;1,358.283;1,309.352;1,264.501;1,611.123;1,676.769;2,764.355;2,406.607;1,760.628;2022
TGO;Togo;Gross domestic product per capita, current prices;U.S. dollars;Units;See notes for:  Gross domestic product, current prices (National currency) Population (Persons).;414.629;523.522;550.724;542.959;499.32;486.879;402.18;388.651;435.683;526.449;547.7;539.198;540.082;621.808;735.775;737.152;722.819;803.341;782.049;847.4;877.419;770.221;792.222;813.108;873.964;848.341;876.511;964.325;919.575;1,001.112;2023
TON;Tonga;Gross domestic product per capita, current prices;U.S. dollars;Units;See notes for:  Gross domestic product, current prices (National currency) Population (Persons).;1,948.137;2,123.283;2,228.293;2,263.661;2,153.245;2,017.943;2,066.545;1,819.632;1,828.634;2,015.247;2,288.897;2,581.930;2,865.259;2,919.693;3,360.507;3,040.244;3,561.484;4,014.770;4,153.205;3,985.691;3,962.922;3,927.000;3,791.749;4,140.997;4,330.348;4,434.799;4,438.581;4,576.702;4,756.066;5,218.576;2020
TTO;Trinidad and Tobago;Gross domestic product per capita, current prices;U.S. dollars;Units;See notes for:  Gross domestic product, current prices (National currency) Population (Persons).;4,027.423;4,322.255;4,658.874;4,632.813;4,872.619;5,479.934;6,545.953;7,046.379;7,162.514;8,931.032;10,442.168;12,471.953;14,280.042;16,765.857;21,448.701;14,777.395;16,957.433;19,300.833;20,325.911;21,208.309;21,799.068;19,722.777;17,220.758;17,369.342;17,677.747;17,043.863;14,868.061;17,412.427;21,252.661;19,718.195;2021
TUN;Tunisia;Gross domestic product per capita, current prices;U.S. dollars;Units;See notes for:  Gross domestic product, current prices (National currency) Population (Persons).;1,997.000;2,261.968;2,411.883;2,318.983;2,407.491;2,505.878;2,322.277;2,365.245;2,460.779;2,897.197;3,265.224;3,350.785;3,536.507;3,963.791;4,519.745;4,333.153;4,343.057;4,471.694;4,345.815;4,419.705;4,511.282;4,060.695;3,890.127;3,656.508;3,661.194;3,556.377;3,569.972;3,895.114;3,676.784;3,967.481;2019
TUR;T�rkiye;Gross domestic product per capita, current prices;U.S. dollars;Units;See notes for:  Gross domestic product, current prices (National currency) Population (Persons).;3,026.717;3,880.859;4,099.228;4,221.923;4,412.530;3,980.444;4,219.375;3,087.619;3,586.498;4,711.312;5,984.740;7,330.763;7,921.012;9,676.029;10,946.357;8,978.828;10,545.466;11,213.588;11,605.389;12,496.576;12,097.461;11,011.472;10,890.235;10,629.988;9,727.660;9,144.221;8,576.486;9,540.539;10,621.485;13,235.882;2023
TKM;Turkmenistan;Gross domestic product per capita, current prices;U.S. dollars;Units;See notes for:  Gross domestic product, current prices (National currency) Population (Persons).;1,822.091;2,304.517;916.043;1,016.002;1,069.860;1,424.366;1,833.159;2,502.842;3,107.479;4,038.502;4,966.204;5,943.360;7,320.700;8,780.474;7,189.293;6,670.904;6,675.041;8,284.783;9,205.830;9,147.926;9,924.593;7,794.133;7,306.006;7,690.915;8,128.406;8,611.769;8,381.012;9,608.222;12,123.362;11,926.706;2004
TUV;Tuvalu;Gross domestic product per capita, current prices;U.S. dollars;Units;See notes for:  Gross domestic product, current prices (National currency) Population (Persons).;n/a;n/a;n/a;n/a;n/a;n/a;n/a;n/a;1,742.203;2,076.475;2,386.392;2,349.511;2,465.078;2,866.924;3,187.958;2,760.059;3,134.201;3,778.686;3,610.431;3,616.592;3,605.169;3,437.386;3,867.747;4,312.308;4,547.987;5,276.537;5,162.322;6,080.313;6,009.779;6,694.759;2021
UGA;Uganda;Gross domestic product per capita, current prices;U.S. dollars;Units;See notes for:  Gross domestic product, current prices (National currency) Population (Persons).;346.255;401.893;401.413;423.918;402.455;370.515;355.466;347.812;361.953;361.772;430.758;483.032;527.739;634.361;784.496;815.808;808.713;872.039;950.574;964.833;1,008.018;848.69;826.904;838.495;879.044;951.537;919.329;1,007.258;1,079.393;1,123.325;2021
UKR;Ukraine;Gross domestic product per capita, current prices;U.S. dollars;Units;See notes for:  Gross domestic product, current prices (National currency) Population (Persons).;740.97;752.339;914.348;1,037.893;874.265;664.99;664.376;784.864;885.315;1,055.946;1,374.656;1,839.515;2,319.286;3,101.388;3,944.724;2,557.279;2,982.814;3,587.405;3,874.152;4,051.420;3,119.576;2,134.773;2,200.851;2,654.483;3,119.301;3,693.498;3,780.393;4,875.094;4,661.561;5,241.316;2020
ARE;United Arab Emirates;Gross domestic product per capita, current prices;U.S. dollars;Units;See notes for:  Gross domestic product, current prices (National currency) Population (Persons).;25,737.492;26,309.298;29,821.120;29,909.645;26,571.562;27,833.669;34,386.178;32,621.364;32,790.740;35,017.316;39,301.136;43,983.848;44,313.566;41,466.918;39,073.380;30,920.369;36,324.592;42,986.879;45,108.027;46,207.448;47,063.628;41,422.602;40,483.337;41,971.753;45,591.680;43,981.612;37,648.953;43,438.527;48,897.383;48,140.644;2023
GBR;United Kingdom;Gross domestic product per capita, current prices;U.S. dollars;Units;See notes for:  Gross domestic product, current prices (National currency) Population (Persons).;21,460.020;23,171.120;24,432.614;26,772.972;28,283.064;28,768.448;28,337.638;27,916.906;30,127.493;34,480.168;40,410.653;42,143.874;44,589.681;50,419.848;47,884.160;38,892.333;39,641.869;42,106.640;42,501.709;43,469.644;47,468.211;44,978.619;41,114.514;40,617.562;43,275.096;42,712.614;40,230.545;46,731.477;46,103.227;49,647.559;2020
USA;United States;Gross domestic product per capita, current prices;U.S. dollars;Units;See notes for:  Gross domestic product, current prices (National currency) Population (Persons).;27,674.021;28,671.480;29,946.973;31,440.087;32,833.666;34,496.241;36,312.782;37,101.453;37,945.761;39,405.354;41,641.617;44,034.256;46,216.853;47,943.353;48,470.553;47,102.428;48,586.288;50,008.108;51,736.738;53,363.904;55,263.817;57,006.926;58,179.697;60,292.978;63,165.278;65,561.320;64,461.618;71,257.958;77,979.858;82,715.100;2023
URY;Uruguay;Gross domestic product per capita, current prices;U.S. dollars;Units;See notes for:  Gross domestic product, current prices (National currency) Population (Persons).;6,557.811;7,207.021;7,612.913;7,959.731;8,364.608;7,847.880;7,432.339;6,803.597;4,441.095;3,941.678;4,476.943;5,663.499;6,377.451;7,622.824;9,857.304;10,232.122;12,943.943;15,341.308;16,325.410;18,271.525;18,109.936;16,791.911;16,544.810;18,626.981;18,645.281;17,686.109;15,198.839;17,149.709;19,737.342;21,656.979;2022
UZB;Uzbekistan;Gross domestic product per capita, current prices;U.S. dollars;Units;See notes for:  Gross domestic product, current prices (National currency) Population (Persons).;366.873;561.752;754.528;772.325;773.322;868.991;702.209;587.633;481.995;499.329;585.221;689.391;811.157;1,048.715;1,324.540;1,523.417;1,777.487;2,067.524;2,284.525;2,440.258;2,651.384;2,761.290;2,712.808;2,170.054;1,797.362;2,023.534;1,959.678;2,237.920;2,555.187;2,819.823;2023
VUT;Vanuatu;Gross domestic product per capita, current prices;U.S. dollars;Units;See notes for:  Gross domestic product, current prices (National currency) Population (Persons).;1,422.849;1,479.565;1,511.705;1,537.620;1,441.112;1,435.664;1,422.228;1,317.091;1,313.463;1,542.059;1,743.287;1,824.505;1,985.275;2,308.554;2,540.715;2,519.625;2,719.254;3,007.564;2,934.853;2,940.193;2,947.953;2,771.657;2,844.132;3,158.901;3,256.353;3,187.380;3,341.002;2,951.692;3,219.361;3,364.838;2020
VEN;Venezuela;Gross domestic product per capita, current prices;U.S. dollars;Units;See notes for:  Gross domestic product, current prices (National currency) Population (Persons).;2,741.979;3,559.770;3,174.631;3,778.537;3,970.433;4,133.370;4,820.646;4,963.916;3,778.255;3,266.095;4,311.999;5,421.656;6,646.803;8,538.102;11,079.069;9,557.550;11,158.180;10,934.275;12,688.110;8,692.955;7,107.443;4,096.971;3,676.384;3,806.656;3,529.720;2,624.410;1,566.602;2,090.398;3,421.754;3,737.810;2010
VNM;Vietnam;Gross domestic product per capita, current prices;U.S. dollars;Units;See notes for:  Gross domestic product, current prices (National currency) Population (Persons).;285.953;358.661;419.063;449.338;448.119;465.248;498.579;513.197;546.555;610.357;756.981;873.136;996.255;1,152.267;1,446.562;1,481.442;1,628.013;1,949.826;2,197.619;2,369.973;2,566.854;2,581.907;2,720.168;2,957.899;3,216.254;3,439.102;3,548.892;3,756.885;4,101.730;4,324.049;2023
WBG;West Bank and Gaza;Gross domestic product per capita, current prices;U.S. dollars;Units;See notes for:  Gross domestic product, current prices (National currency) Population (Persons).;1,227.237;1,322.057;1,296.081;1,350.947;1,416.578;1,441.889;1,412.750;1,275.685;1,102.500;1,197.161;1,350.906;1,461.093;1,480.704;1,563.701;1,913.316;2,061.558;2,406.261;2,711.917;2,888.598;3,122.985;3,158.599;3,084.132;3,325.846;3,407.307;3,353.225;3,442.754;3,044.744;3,464.383;3,579.222;3,180.667;2023
YEM;Yemen;Gross domestic product per capita, current prices;U.S. dollars;Units;See notes for:  Gross domestic product, current prices (National currency) Population (Persons).;1,835.045;807.991;396.847;405.612;364.22;427.779;526.881;521.697;551.194;591.218;677.899;796.361;881.275;970.82;1,170.964;1,061.415;1,267.555;1,303.586;1,369.687;1,519.342;1,579.558;1,508.382;1,083.887;905.181;710.384;702.286;633.311;594.151;706.25;551.953;2022
ZMB;Zambia;Gross domestic product per capita, current prices;U.S. dollars;Units;See notes for:  Gross domestic product, current prices (National currency) Population (Persons).;431.567;437.482;404.235;471.141;377.518;353.893;364.026;379.713;399.099;452.287;556.05;720.204;1,066.020;1,133.672;1,393.780;1,151.193;1,469.239;1,644.130;1,729.580;1,840.665;1,724.805;1,307.536;1,250.324;1,495.751;1,475.200;1,268.125;958.265;1,134.713;1,454.826;1,369.129;2022
ZWE;Zimbabwe;Gross domestic product per capita, current prices;U.S. dollars;Units;See notes for:  Gross domestic product, current prices (National currency) Population (Persons).;714.016;717.076;849.858;881.204;1,029.180;1,003.813;969.803;964.06;922.858;822.455;806.88;764.616;677.867;646.544;553.364;790.335;975.823;1,131.829;1,310.354;1,421.549;1,414.992;1,418.306;1,429.829;1,502.576;2,466.780;1,705.022;1,725.017;2,264.653;2,004.280;2,119.318;2017
;;;;;;;;;;;;;;;;;;;;;;;;;;;;;;;;;;;;
International Monetary Fund, World Economic Outlook Database, October 2024;;;;;;;;;;;;;;;;;;;;;;;;;;;;;;;;;;;;
